일시,평균기온(°C),합계 일사량(MJ/m2),평균 지면온도(°C),평균 30cm 지중온도(°C),5.0m 지중온도(°C),일 미세먼지 농도(㎍/㎥),승차,검색량,당일 1차접종자 수,1차접종 누계,1차접종률(%),당일 2차접종자 수,2차접종 누계,2차접종률(%),당일 3차접종자 수,3차접종 누계,3차접종률(%),mx,my,dx,dy,추가 확진
20200205,-8.3,14.82,-2.5,3,15.6,28,6855972,3.76198,0,0,0,0,0,0,0,0,0,0.866025404,0.5,0.883512044,0.468408441,3
20200206,-6.4,13.97,-2.7,2.3,15.5,46,6774345,4.73247,0,0,0,0,0,0,0,0,0,0.866025404,0.5,0.963549993,0.267528339,0
20200207,-1.7,10.14,-0.4,1.9,15.5,44,7188696,4.26499,0,0,0,0,0,0,0,0,0,0.866025404,0.5,0.998533414,0.054138909,0
20200208,-0.1,13.89,1.4,1.9,15.4,50,4677705,3.4066,0,0,0,0,0,0,0,0,0,0.866025404,0.5,0.986826523,-0.161781997,0
20200209,-0.5,14.33,0.5,2.2,15.4,42,3442364,3.06098,0,0,0,0,0,0,0,0,0,0.866025404,0.5,0.92897672,-0.370138155,0
20200210,4,14.22,3.4,2.5,15.3,54,6964078,3.65809,0,0,0,0,0,0,0,0,0,0.866025404,0.5,0.827688998,-0.561187065,0
20200211,6.8,10.91,0.6,1.5,15.3,68,7191852,2.85086,0,0,0,0,0,0,0,0,0,0.866025404,0.5,0.687699459,-0.725995492,0
20200212,7.4,2.86,5.8,4.3,15.2,63,6976870,3.02016,0,0,0,0,0,0,0,0,0,0.866025404,0.5,0.515553857,-0.856857176,0
20200213,6.5,6.43,6.6,5.2,15.3,90,7300878,3.72185,0,0,0,0,0,0,0,0,0,0.866025404,0.5,0.31930153,-0.947653171,0
20200214,8.1,13.13,6.9,5.6,15.1,99,7718233,2.81079,0,0,0,0,0,0,0,0,0,0.866025404,0.5,0.108119018,-0.994137957,0
20200215,9.8,8.77,6.6,6.2,15.1,76,5270423,2.17298,0,0,0,0,0,0,0,0,0,0.866025404,0.5,-0.108119018,-0.994137957,1
20200216,-1.4,4.14,2.2,6.2,15.1,58,3644883,2.24491,0,0,0,0,0,0,0,0,0,0.866025404,0.5,-0.31930153,-0.947653171,1
20200217,-5.9,7.08,0.3,4.7,15.1,43.5,7146804,2.6342,0,0,0,0,0,0,0,0,0,0.866025404,0.5,-0.515553857,-0.856857176,0
20200218,-4.1,16.78,-0.1,3.8,15,29,7156197,4.72283,0,0,0,0,0,0,0,0,0,0.866025404,0.5,-0.687699459,-0.725995492,1
20200219,1,12.13,1.8,3.4,15,43,7256712,17.37258,0,0,0,0,0,0,0,0,0,0.866025404,0.5,-0.827688998,-0.561187065,2
20200220,4.6,13.71,4,3.7,14.9,76,7118949,41.35139,0,0,0,0,0,0,0,0,0,0.866025404,0.5,-0.92897672,-0.370138155,3
20200221,6.7,6.5,4.4,4.4,14.9,76,6987478,63.60004,0,0,0,0,0,0,0,0,0,0.866025404,0.5,-0.986826523,-0.161781997,6
20200222,4,9.06,4.2,5.3,14.8,75,4151824,70.95608,0,0,0,0,0,0,0,0,0,0.866025404,0.5,-0.998533414,0.054138909,1
20200223,2.5,17.37,3.6,4.8,14.8,24,2725603,71.03224,0,0,0,0,0,0,0,0,0,0.866025404,0.5,-0.963549993,0.267528339,6
20200224,7,13.21,6.1,5.1,14.8,42,5893918,91.59004,0,0,0,0,0,0,0,0,0,0.866025404,0.5,-0.883512044,0.468408441,13
20200225,6.7,4.11,6,6,14.8,28,5406645,100,0,0,0,0,0,0,0,0,0,0.866025404,0.5,-0.762162055,0.647386285,5
20200226,6.4,10.45,5.4,5.9,14.7,21,5448248,85.89328,0,0,0,0,0,0,0,0,0,0.866025404,0.5,-0.605174215,0.796093066,10
20200227,6.1,16.77,6,6.1,14.6,17,5282635,81.99333,0,0,0,0,0,0,0,0,0,0.866025404,0.5,-0.419889102,0.90757542,6
20200228,4.5,2.41,4.7,6.2,14.6,32,5099486,77.20061,0,0,0,0,0,0,0,0,0,0.866025404,0.5,-0.21497044,0.976620556,12
20200229,7.7,17.12,8.4,6.5,14.5,26,2841940,68.26237,0,0,0,0,0,0,0,0,0,0.866025404,0.5,-2.45E-16,1,9
20200301,5.8,5.4,5.5,7.1,14.5,57,1873027,58.5719,0,0,0,0,0,0,0,0,0,1,6.12E-17,0.195090322,0.98078528,6
20200302,3.4,17.08,5,6.7,14.5,42,5047118,73.17345,0,0,0,0,0,0,0,0,0,1,6.12E-17,0.382683432,0.923879533,6
20200303,4.8,10.62,3.7,6.5,14.5,55,5052071,60.07905,0,0,0,0,0,0,0,0,0,1,6.12E-17,0.555570233,0.831469612,1
20200304,2.2,10.41,4,6.4,14.4,54,5039181,53.87875,0,0,0,0,0,0,0,0,0,1,6.12E-17,0.707106781,0.707106781,6
20200305,1.4,19.25,3.8,5.7,14.4,43,5038804,47.68293,0,0,0,0,0,0,0,0,0,1,6.12E-17,0.831469612,0.555570233,1
20200306,3.7,16.82,4.5,5.6,14.3,51,5228084,40.81752,0,0,0,0,0,0,0,0,0,1,6.12E-17,0.923879533,0.382683432,8
20200307,7,13,7,6,14.3,78,3026177,32.72681,0,0,0,0,0,0,0,0,0,1,6.12E-17,0.98078528,0.195090322,6
20200308,9.3,18.27,8.6,6.7,14.3,73,2139785,31.53019,0,0,0,0,0,0,0,0,0,1,6.12E-17,1,6.12E-17,10
20200309,11.1,14.19,9.7,7.4,14.2,70,5302877,41.06235,0,0,0,0,0,0,0,0,0,1,6.12E-17,0.98078528,-0.195090322,26
20200310,6.4,2.72,6.5,8.2,14.3,56,5059104,42.83035,0,0,0,0,0,0,0,0,0,1,6.12E-17,0.923879533,-0.382683432,49
20200311,3.8,20.72,4.8,7.1,14.2,31,5239606,38.20409,0,0,0,0,0,0,0,0,0,1,6.12E-17,0.831469612,-0.555570233,14
20200312,6.8,14.32,5.5,6.9,14.1,33,5144311,35.79797,0,0,0,0,0,0,0,0,0,1,6.12E-17,0.707106781,-0.707106781,12
20200313,4.9,17.82,7.7,7.6,14.1,32,5259237,33.27097,0,0,0,0,0,0,0,0,0,1,6.12E-17,0.555570233,-0.831469612,9
20200314,3.6,18.6,5.6,7.1,14.1,46,3149256,25.59055,0,0,0,0,0,0,0,0,0,1,6.12E-17,0.382683432,-0.923879533,8
20200315,4,17.29,6.2,7.2,14.1,43,2106864,23.04466,0,0,0,0,0,0,0,0,0,1,6.12E-17,0.195090322,-0.98078528,6
20200316,3.6,21.18,6.1,6.9,14,25,5212342,30.29967,0,0,0,0,0,0,0,0,0,1,6.12E-17,1.22E-16,-1,13
20200317,6.6,6.89,7.5,7.2,14,48,5181606,27.73488,0,0,0,0,0,0,0,0,0,1,6.12E-17,-0.195090322,-0.98078528,3
20200318,10,20.66,9.8,7.4,14,66,5347411,27.06038,0,0,0,0,0,0,0,0,0,1,6.12E-17,-0.382683432,-0.923879533,12
20200319,9.1,15.51,9.9,8.4,14,57,5087107,24.45144,0,0,0,0,0,0,0,0,0,1,6.12E-17,-0.555570233,-0.831469612,17
20200320,8.8,20.58,9.9,8.4,13.9,30,5568120,22.95241,0,0,0,0,0,0,0,0,0,1,6.12E-17,-0.707106781,-0.707106781,15
20200321,12.8,14.83,13.9,9.1,13.9,44,3305978,19.57353,0,0,0,0,0,0,0,0,0,1,6.12E-17,-0.831469612,-0.555570233,10
20200322,11,22.54,13.6,10.3,13.8,40,2312251,19.37547,0,0,0,0,0,0,0,0,0,1,6.12E-17,-0.923879533,-0.382683432,6
20200323,10.6,20.72,12.6,10.4,13.8,55,5326213,22.35147,0,0,0,0,0,0,0,0,0,1,6.12E-17,-0.98078528,-0.195090322,4
20200324,11.4,21.06,13.2,10.6,13.8,63,5366244,21.7009,0,0,0,0,0,0,0,0,0,1,6.12E-17,-1,-1.84E-16,13
20200325,12.5,19.29,13.9,10.8,13.7,56,5457922,20.10912,0,0,0,0,0,0,0,0,0,1,6.12E-17,-0.98078528,0.195090322,14
20200326,14.8,11.97,13.5,11.2,13.7,57,5318991,20.00302,0,0,0,0,0,0,0,0,0,1,6.12E-17,-0.923879533,0.382683432,15
20200327,11.9,17.04,14.4,12,13.7,47,5528656,20.26164,0,0,0,0,0,0,0,0,0,1,6.12E-17,-0.831469612,0.555570233,15
20200328,7.7,19.87,10.8,11.4,13.7,31,3389597,18.50286,0,0,0,0,0,0,0,0,0,1,6.12E-17,-0.707106781,0.707106781,22
20200329,8.7,23.12,11.8,10.8,13.6,43,2349279,17.02967,0,0,0,0,0,0,0,0,0,1,6.12E-17,-0.555570233,0.831469612,21
20200330,10.2,22.73,13.3,11.1,13.6,59,5393572,19.02162,0,0,0,0,0,0,0,0,0,1,6.12E-17,-0.382683432,0.923879533,20
20200331,11.9,20.68,14.5,11.4,13.6,52,5418056,17.97858,0,0,0,0,0,0,0,0,0,1,6.12E-17,-0.195090322,0.98078528,24
20200401,11.3,19.12,15,12,13.6,81,5462335,16.50537,0,0,0,0,0,0,0,0,0,0.866025404,-0.5,0.20129852,0.979529941,16
20200402,9.3,21.25,13.1,11.9,13.5,44,5445781,16.99596,0,0,0,0,0,0,0,0,0,0.866025404,-0.5,0.394355855,0.918957812,19
20200403,10,22.56,14.2,11.9,13.5,64,5670848,16.65032,0,0,0,0,0,0,0,0,0,0.866025404,-0.5,0.571268215,0.820763441,20
20200404,8.9,23.33,13.8,12.3,13.5,69,3429713,12.97243,0,0,0,0,0,0,0,0,0,0.866025404,-0.5,0.724792787,0.688966919,25
20200405,7.2,24.58,12.4,11.9,13.5,49,2366340,12.45775,0,0,0,0,0,0,0,0,0,0.866025404,-0.5,0.848644257,0.52896401,5
20200406,9.3,22.51,13.8,11.8,13.4,55,5575843,16.13853,0,0,0,0,0,0,0,0,0,0.866025404,-0.5,0.937752132,0.347305253,8
20200407,10.6,19.3,14.8,12.2,13.5,56,5601070,17.31335,0,0,0,0,0,0,0,0,0,0.866025404,-0.5,0.988468324,0.151427778,10
20200408,9.4,24.86,14.3,12.3,13.4,41,5633872,16.36942,0,0,0,0,0,0,0,0,0,0.866025404,-0.5,0.998716507,-0.050649169,11
20200409,8.9,24.79,14,11.9,13.4,48,5618486,15.34689,0,0,0,0,0,0,0,0,0,0.866025404,-0.5,0.968077119,-0.250652532,5
20200410,10.7,21.07,17,11.9,13.5,42,5830154,17.43833,0,0,0,0,0,0,0,0,0,0.866025404,-0.5,0.89780454,-0.440394152,3
20200411,9.9,19.4,15.6,12.3,13.5,40,3586544,15.09204,0,0,0,0,0,0,0,0,0,0.866025404,-0.5,0.790775737,-0.612105983,2
20200412,9.9,19.25,13.2,12.2,13.5,34,2457821,13.26402,0,0,0,0,0,0,0,0,0,0.866025404,-0.5,0.651372483,-0.758758123,8
20200413,12.4,26.02,18,12.2,13.5,21,5677206,15.54213,0,0,0,0,0,0,0,0,0,0.866025404,-0.5,0.485301963,-0.874346616,3
20200414,13,25.93,18.7,12.7,13.5,55,5883448,14.29465,0,0,0,0,0,0,0,0,0,0.866025404,-0.5,0.299363123,-0.954139256,6
20200415,13.2,21.49,17.5,13.1,13.4,77,3155917,13.03774,0,0,0,0,0,0,0,0,0,0.866025404,-0.5,0.101168322,-0.994869323,0
20200416,16,22.96,20.1,13.4,13.4,64,5760289,16.14269,0,0,0,0,0,0,0,0,0,0.866025404,-0.5,-0.101168322,-0.994869323,2
20200417,12.5,4.23,12.1,13.9,13.4,47,5713163,13.5543,0,0,0,0,0,0,0,0,0,0.866025404,-0.5,-0.299363123,-0.954139256,2
20200418,13.5,23.09,18.1,13.3,13.4,31,3868926,10.35571,0,0,0,0,0,0,0,0,0,0.866025404,-0.5,-0.485301963,-0.874346616,1
20200419,12.3,5.25,12.5,13.7,13.4,27,2470253,11.77132,0,0,0,0,0,0,0,0,0,0.866025404,-0.5,-0.651372483,-0.758758123,0
20200420,10,7.34,10.2,12.9,13.4,19,5786171,14.62888,0,0,0,0,0,0,0,0,0,0.866025404,-0.5,-0.790775737,-0.612105983,2
20200421,7.4,23.63,12.2,12.1,13.4,33,5910787,12.11213,0,0,0,0,0,0,0,0,0,0.866025404,-0.5,-0.89780454,-0.440394152,2
20200422,6,15.89,9.8,11.4,13.4,64,5871001,11.94767,0,0,0,0,0,0,0,0,0,0.866025404,-0.5,-0.968077119,-0.250652532,0
20200423,7.9,25.72,12.7,11,13.5,39,6013995,11.04524,0,0,0,0,0,0,0,0,0,0.866025404,-0.5,-0.998716507,-0.050649169,0
20200424,9.9,26.61,14.5,11.5,13.5,35,6312775,10.91964,0,0,0,0,0,0,0,0,0,0.866025404,-0.5,-0.988468324,0.151427778,1
20200425,13.1,18.9,15.7,12.2,13.5,51,4079526,9.58157,0,0,0,0,0,0,0,0,0,0.866025404,-0.5,-0.937752132,0.347305253,0
20200426,12.3,28.36,18.3,12.8,13.5,35,2904565,8.98309,0,0,0,0,0,0,0,0,0,0.866025404,-0.5,-0.848644257,0.52896401,0
20200427,12.9,22.98,17.1,13.5,13.5,37,6131416,10.22523,0,0,0,0,0,0,0,0,0,0.866025404,-0.5,-0.724792787,0.688966919,4
20200428,13.9,26.97,20.1,13.8,13.4,42,6217261,9.29053,0,0,0,0,0,0,0,0,0,0.866025404,-0.5,-0.571268215,0.820763441,0
20200429,14.9,26.1,21.1,14.5,13.4,53,6544524,8.90397,0,0,0,0,0,0,0,0,0,0.866025404,-0.5,-0.394355855,0.918957812,0
20200430,17.1,24.03,23,14.9,13.4,38,3734597,7.86797,0,0,0,0,0,0,0,0,0,0.866025404,-0.5,-0.20129852,0.979529941,1
20200501,20.2,18.96,25.7,16.2,13.4,50,4090490,8.50132,0,0,0,0,0,0,0,0,0,0.5,-0.866025404,0.195090322,0.98078528,1
20200502,20.3,9.43,22.7,17.2,13.4,44,3796789,7.96921,0,0,0,0,0,0,0,0,0,0.5,-0.866025404,0.382683432,0.923879533,2
20200503,21.8,19.41,26.7,17.6,13.4,28,2976266,8.19475,0,0,0,0,0,0,0,0,0,0.5,-0.866025404,0.555570233,0.831469612,0
20200504,20.2,25.42,28.9,18.5,13.4,35,5566256,8.8566,0,0,0,0,0,0,0,0,0,0.5,-0.866025404,0.707106781,0.707106781,0
20200505,16,9.41,17.1,18.4,13.4,33,3296475,6.95999,0,0,0,0,0,0,0,0,0,0.5,-0.866025404,0.831469612,0.555570233,0
20200506,19.4,28.51,26.5,17.5,13.4,36,6509552,8.79588,0,0,0,0,0,0,0,0,0,0.5,-0.866025404,0.923879533,0.382683432,0
20200507,20.7,23.93,25.7,18.3,13.4,33,6603554,9.54771,0,0,0,0,0,0,0,0,0,0.5,-0.866025404,0.98078528,0.195090322,11
20200508,19.9,23.26,27.3,18.8,13.4,34,6799085,17.29333,0,0,0,0,0,0,0,0,0,0.5,-0.866025404,1,6.12E-17,10
20200509,14.2,3,15.1,18.3,13.4,16,3819933,19.48613,0,0,0,0,0,0,0,0,0,0.5,-0.866025404,0.98078528,-0.195090322,11
20200510,14.4,6.77,15.7,17,13.4,37,3073064,19.83103,0,0,0,0,0,0,0,0,0,0.5,-0.866025404,0.923879533,-0.382683432,21
20200511,16.5,22.98,20.2,17,13.4,98,6390360,23.21304,0,0,0,0,0,0,0,0,0,0.5,-0.866025404,0.831469612,-0.555570233,13
20200512,14.3,13.6,17.6,17.1,13.4,38,6343665,18.01789,0,0,0,0,0,0,0,0,0,0.5,-0.866025404,0.707106781,-0.707106781,5
20200513,16.1,29.7,20.5,16.7,13.4,34,6401218,17.49295,0,0,0,0,0,0,0,0,0,0.5,-0.866025404,0.555570233,-0.831469612,6
20200514,19.3,20.64,21.8,17.4,13.4,42,6334082,15.02557,0,0,0,0,0,0,0,0,0,0.5,-0.866025404,0.382683432,-0.923879533,11
20200515,16.1,3.43,15.9,17.7,13.4,33,6256361,11.52668,0,0,0,0,0,0,0,0,0,0.5,-0.866025404,0.195090322,-0.98078528,6
20200516,16.7,7.6,18.3,17.1,13.4,29,4105747,8.25555,0,0,0,0,0,0,0,0,0,0.5,-0.866025404,1.22E-16,-1,4
20200517,19.1,15.26,21.2,17.6,13.4,44,3032372,7.3702,0,0,0,0,0,0,0,0,0,0.5,-0.866025404,-0.195090322,-0.98078528,1
20200518,19.1,14.07,21.6,18.6,13.4,44,6104264,9.07283,0,0,0,0,0,0,0,0,0,0.5,-0.866025404,-0.382683432,-0.923879533,14
20200519,13,15.29,16.1,18.2,13.4,21,6149192,8.56261,0,0,0,0,0,0,0,0,0,0.5,-0.866025404,-0.555570233,-0.831469612,3
20200520,14.4,20.91,17.3,17.4,13.4,15,6536990,10.67422,0,0,0,0,0,0,0,0,0,0.5,-0.866025404,-0.707106781,-0.707106781,3
20200521,17.4,24.35,20.5,17.6,13.4,25,6504677,9.64842,0,0,0,0,0,0,0,0,0,0.5,-0.866025404,-0.831469612,-0.555570233,3
20200522,18.5,13.07,20,18.4,13.4,53,6674495,8.76113,0,0,0,0,0,0,0,0,0,0.5,-0.866025404,-0.923879533,-0.382683432,3
20200523,20.1,23.24,23.3,18.8,13.4,50,4503243,6.9601,0,0,0,0,0,0,0,0,0,0.5,-0.866025404,-0.98078528,-0.195090322,6
20200524,17.1,10.59,19,19.4,13.4,29,2937285,6.50091,0,0,0,0,0,0,0,0,0,0.5,-0.866025404,-1,-1.84E-16,8
20200525,16.6,16.88,20.3,19,13.4,45,6425285,8.10028,0,0,0,0,0,0,0,0,0,0.5,-0.866025404,-0.98078528,0.195090322,16
20200526,16.2,18.49,19.2,19,13.5,48,6454433,7.86186,0,0,0,0,0,0,0,0,0,0.5,-0.866025404,-0.923879533,0.382683432,15
20200527,17.4,30.06,21.4,19.1,13.5,19,6571515,11.37675,0,0,0,0,0,0,0,0,0,0.5,-0.866025404,-0.831469612,0.555570233,21
20200528,18.7,22.83,20.5,19.6,13.5,24,6497146,17.47161,0,0,0,0,0,0,0,0,0,0.5,-0.866025404,-0.707106781,0.707106781,18
20200529,20.7,28.09,24.3,20,13.5,30,6688369,13.77112,0,0,0,0,0,0,0,0,0,0.5,-0.866025404,-0.555570233,0.831469612,9
20200530,22.6,26.5,27.6,21,13.5,33,4323651,8.76378,0,0,0,0,0,0,0,0,0,0.5,-0.866025404,-0.382683432,0.923879533,6
20200531,21.2,19.15,25.7,21.5,13.5,34,2989367,8.14468,0,0,0,0,0,0,0,0,0,0.5,-0.866025404,-0.195090322,0.98078528,2
20200601,19.7,30.35,26.6,21.6,13.5,25,6332723,9.33992,0,0,0,0,0,0,0,0,0,1.22E-16,-1,0.20129852,0.979529941,15
20200602,17.9,5.89,18.3,21.1,13.5,47,6197500,8.3146,0,0,0,0,0,0,0,0,0,1.22E-16,-1,0.394355855,0.918957812,18
20200603,22,24.64,27.1,20.6,13.5,56,6445401,8.39629,0,0,0,0,0,0,0,0,0,1.22E-16,-1,0.571268215,0.820763441,20
20200604,21.9,19.77,26.8,21.9,13.5,71,6433302,7.68979,0,0,0,0,0,0,0,0,0,1.22E-16,-1,0.724792787,0.688966919,13
20200605,23,23.36,29.8,22.5,13.5,42,6661639,7.31411,0,0,0,0,0,0,0,0,0,1.22E-16,-1,0.848644257,0.52896401,23
20200606,24.6,23.38,31.4,23,13.6,48,3967258,6.76767,0,0,0,0,0,0,0,0,0,1.22E-16,-1,0.937752132,0.347305253,27
20200607,22.7,26.04,30.2,23.5,13.6,41,3015648,7.19161,0,0,0,0,0,0,0,0,0,1.22E-16,-1,0.988468324,0.151427778,18
20200608,25,26.13,32.7,24,13.6,39,6325012,8.82113,0,0,0,0,0,0,0,0,0,1.22E-16,-1,0.998716507,-0.050649169,22
20200609,26.7,28.36,34.1,24.5,13.6,47,6380585,8.56045,0,0,0,0,0,0,0,0,0,1.22E-16,-1,0.968077119,-0.250652532,10
20200610,25.8,18.85,32.8,24.8,13.6,47,6422574,7.48552,0,0,0,0,0,0,0,0,0,1.22E-16,-1,0.89780454,-0.440394152,19
20200611,26.1,26.03,30.1,24.7,13.6,28,6370252,7.4213,0,0,0,0,0,0,0,0,0,1.22E-16,-1,0.790775737,-0.612105983,24
20200612,24.7,11.51,25.8,24.8,13.6,40,6614315,8.22537,0,0,0,0,0,0,0,0,0,1.22E-16,-1,0.651372483,-0.758758123,29
20200613,26.9,28.11,34.6,24.5,13.7,52,4309315,5.86766,0,0,0,0,0,0,0,0,0,1.22E-16,-1,0.485301963,-0.874346616,12
20200614,24,22.52,29.6,25.3,13.7,28,3032325,5.63604,0,0,0,0,0,0,0,0,0,1.22E-16,-1,0.299363123,-0.954139256,7
20200615,23,26.53,31.1,24.9,13.7,35,6391754,7.65806,0,0,0,0,0,0,0,0,0,1.22E-16,-1,0.101168322,-0.994869323,12
20200616,24.4,24.74,32.2,25,13.7,42,6468871,6.82953,0,0,0,0,0,0,0,0,0,1.22E-16,-1,-0.101168322,-0.994869323,13
20200617,24.3,21.25,31.1,25.2,13.7,36,6513406,6.87578,0,0,0,0,0,0,0,0,0,1.22E-16,-1,-0.299363123,-0.954139256,25
20200618,23.4,11,26.7,24.9,13.7,40,6498107,6.60712,0,0,0,0,0,0,0,0,0,1.22E-16,-1,-0.485301963,-0.874346616,18
20200619,24.7,19.6,29.6,24.6,13.8,30,6736172,6.33553,0,0,0,0,0,0,0,0,0,1.22E-16,-1,-0.651372483,-0.758758123,14
20200620,24.9,24.75,31.9,24.9,13.8,40,4407929,6.1597,0,0,0,0,0,0,0,0,0,1.22E-16,-1,-0.790775737,-0.612105983,17
20200621,26.1,27.82,34.1,25.3,13.8,38,3104509,6.05281,0,0,0,0,0,0,0,0,0,1.22E-16,-1,-0.89780454,-0.440394152,5
20200622,28.6,28.95,36.3,25.9,13.8,40,6320888,7.5998,0,0,0,0,0,0,0,0,0,1.22E-16,-1,-0.968077119,-0.250652532,6
20200623,27.3,16.97,32.1,26.3,13.9,46,6532649,7.43522,0,0,0,0,0,0,0,0,0,1.22E-16,-1,-0.998716507,-0.050649169,11
20200624,22.3,2.91,22.7,25.5,13.9,41,6276213,6.23368,0,0,0,0,0,0,0,0,0,1.22E-16,-1,-0.988468324,0.151427778,9
20200625,21.6,6.11,23,23.8,13.9,25,6476281,6.01975,0,0,0,0,0,0,0,0,0,1.22E-16,-1,-0.937752132,0.347305253,17
20200626,21.8,13.03,22.9,23.4,13.9,30,6860233,5.89177,0,0,0,0,0,0,0,0,0,1.22E-16,-1,-0.848644257,0.52896401,17
20200627,24.1,22.18,25.2,23.7,14,29,4595539,5.40175,0,0,0,0,0,0,0,0,0,1.22E-16,-1,-0.724792787,0.688966919,14
20200628,25.2,28.6,28.6,24.5,14,38,3239052,5.97626,0,0,0,0,0,0,0,0,0,1.22E-16,-1,-0.571268215,0.820763441,7
20200629,23.8,8.4,23.9,24.9,14,49,6486763,7.13061,0,0,0,0,0,0,0,0,0,1.22E-16,-1,-0.394355855,0.918957812,7
20200630,20.1,6.2,20.8,23.1,14,10,6394343,5.73981,0,0,0,0,0,0,0,0,0,1.22E-16,-1,-0.20129852,0.979529941,9
20200701,21.1,9.47,21.3,22.3,14.1,24,6617691,6.36533,0,0,0,0,0,0,0,0,0,-0.5,-0.866025404,0.195090322,0.98078528,13
20200702,24.2,19.15,24.5,22.8,14.1,26,6648991,6.80996,0,0,0,0,0,0,0,0,0,-0.5,-0.866025404,0.382683432,0.923879533,12
20200703,25.5,27.47,28.6,24,14.1,11,6873899,7.02,0,0,0,0,0,0,0,0,0,-0.5,-0.866025404,0.555570233,0.831469612,7
20200704,24.2,26.88,28.2,24.8,14.1,28,4569810,6.06635,0,0,0,0,0,0,0,0,0,-0.5,-0.866025404,0.707106781,0.707106781,16
20200705,23.8,20.85,26.7,25,14.2,33,3202460,6.11406,0,0,0,0,0,0,0,0,0,-0.5,-0.866025404,0.831469612,0.555570233,3
20200706,25.6,19.28,28.5,25.2,14.2,29,6569746,7.01142,0,0,0,0,0,0,0,0,0,-0.5,-0.866025404,0.923879533,0.382683432,3
20200707,24.1,15.15,28.3,25.3,14.2,32,6629989,5.99953,0,0,0,0,0,0,0,0,0,-0.5,-0.866025404,0.98078528,0.195090322,10
20200708,25.5,25.81,30.5,25.4,14.3,41,6716751,6.03942,0,0,0,0,0,0,0,0,0,-0.5,-0.866025404,1,6.12E-17,8
20200709,27.5,23.1,31.9,26.1,14.3,26,6691271,5.6326,0,0,0,0,0,0,0,0,0,-0.5,-0.866025404,0.98078528,-0.195090322,8
20200710,24.5,12.3,25.2,26.1,14.3,22,6783533,4.50321,0,0,0,0,0,0,0,0,0,-0.5,-0.866025404,0.923879533,-0.382683432,8
20200711,25.8,21.82,29.7,25.6,14.4,8,4632928,3.9061,0,0,0,0,0,0,0,0,0,-0.5,-0.866025404,0.831469612,-0.555570233,7
20200712,23.5,7.67,25.3,25.5,14.4,15,3192363,4.14553,0,0,0,0,0,0,0,0,0,-0.5,-0.866025404,0.707106781,-0.707106781,13
20200713,18.7,4.58,20.1,24,14.4,9,6241557,4.82457,0,0,0,0,0,0,0,0,0,-0.5,-0.866025404,0.555570233,-0.831469612,7
20200714,20.3,12.46,22.6,22.4,14.5,9,6642216,4.73687,0,0,0,0,0,0,0,0,0,-0.5,-0.866025404,0.382683432,-0.923879533,6
20200715,23.4,26.6,26.4,23,14.5,13,6848380,4.30253,0,0,0,0,0,0,0,0,0,-0.5,-0.866025404,0.195090322,-0.98078528,7
20200716,25,25.76,27.4,24.1,14.5,25,6767596,4.43772,0,0,0,0,0,0,0,0,0,-0.5,-0.866025404,1.22E-16,-1,9
20200717,26,22.28,28.3,25,14.6,39,6924316,4.51057,0,0,0,0,0,0,0,0,0,-0.5,-0.866025404,-0.195090322,-0.98078528,6
20200718,26.1,15.49,27.9,25.5,14.6,44,4629883,3.63918,0,0,0,0,0,0,0,0,0,-0.5,-0.866025404,-0.382683432,-0.923879533,10
20200719,24,4.92,22.9,25.1,14.7,31.5,2844006,3.48112,0,0,0,0,0,0,0,0,0,-0.5,-0.866025404,-0.555570233,-0.831469612,3
20200720,23.8,5.15,23.8,24.4,14.7,19,6405510,4.72203,0,0,0,0,0,0,0,0,0,-0.5,-0.866025404,-0.707106781,-0.707106781,21
20200721,25,17.83,25.6,24.3,14.7,36,6760976,4.46106,0,0,0,0,0,0,0,0,0,-0.5,-0.866025404,-0.831469612,-0.555570233,16
20200722,23.7,4.5,24,24.7,14.8,39,6583064,4.60161,0,0,0,0,0,0,0,0,0,-0.5,-0.866025404,-0.923879533,-0.382683432,12
20200723,21.1,2.72,21.8,24,14.8,5,6483262,4.35636,0,0,0,0,0,0,0,0,0,-0.5,-0.866025404,-0.98078528,-0.195090322,21
20200724,22.5,10.46,21.2,22.2,14.9,6,6824123,4.37743,0,0,0,0,0,0,0,0,0,-0.5,-0.866025404,-1,-1.84E-16,11
20200725,24.3,15.59,23.9,22.8,15.1,6,4596597,4.95471,0,0,0,0,0,0,0,0,0,-0.5,-0.866025404,-0.98078528,0.195090322,7
20200726,25.4,18.14,25.6,23.6,15.3,20,3251389,4.02167,0,0,0,0,0,0,0,0,0,-0.5,-0.866025404,-0.923879533,0.382683432,9
20200727,24.3,7.72,25.2,24.3,15.3,17,6443628,3.86976,0,0,0,0,0,0,0,0,0,-0.5,-0.866025404,-0.831469612,0.555570233,6
20200728,24.4,8.38,25,24.3,15.3,14,6608274,3.67099,0,0,0,0,0,0,0,0,0,-0.5,-0.866025404,-0.707106781,0.707106781,9
20200729,23.7,3.18,23.9,24.1,15.3,13,6446156,3.59036,0,0,0,0,0,0,0,0,0,-0.5,-0.866025404,-0.555570233,0.831469612,3
20200730,25.3,15.34,26.9,24.4,15.3,18,6589179,3.79068,0,0,0,0,0,0,0,0,0,-0.5,-0.866025404,-0.382683432,0.923879533,8
20200731,26.2,14.5,27.2,25.1,15.4,21,6823622,3.49985,0,0,0,0,0,0,0,0,0,-0.5,-0.866025404,-0.195090322,0.98078528,2
20200801,25.3,5.31,25.7,25.4,15.4,14,3939897,2.92463,0,0,0,0,0,0,0,0,0,-0.866025404,-0.5,0.195090322,0.98078528,5
20200802,24.9,2.55,25.2,25.3,15.4,9,2700538,3.15429,0,0,0,0,0,0,0,0,0,-0.866025404,-0.5,0.382683432,0.923879533,5
20200803,25,3.09,25.1,25,15.5,13,5786622,3.7214,0,0,0,0,0,0,0,0,0,-0.866025404,-0.5,0.555570233,0.831469612,9
20200804,27,8.06,26.9,25.1,16,17,6108618,3.83515,0,0,0,0,0,0,0,0,0,-0.866025404,-0.5,0.707106781,0.707106781,6
20200805,26.5,5.02,26.7,25.6,16.4,21,6154234,3.74268,0,0,0,0,0,0,0,0,0,-0.866025404,-0.5,0.831469612,0.555570233,9
20200806,24.1,6.74,24.8,25.5,16.4,25,6491374,3.39871,0,0,0,0,0,0,0,0,0,-0.866025404,-0.5,0.923879533,0.382683432,9
20200807,24.3,6.7,24.8,25.2,16.6,44,6889953,3.0578,0,0,0,0,0,0,0,0,0,-0.866025404,-0.5,0.98078528,0.195090322,17
20200808,24.2,6.96,24.9,25,16.7,27,4477346,2.74702,0,0,0,0,0,0,0,0,0,-0.866025404,-0.5,1,6.12E-17,13
20200809,24.9,1.43,24.3,24.9,16.6,29,2671268,3.04763,0,0,0,0,0,0,0,0,0,-0.866025404,-0.5,0.98078528,-0.195090322,13
20200810,26.5,7.77,26.4,25.1,16.5,32,6370684,3.52037,0,0,0,0,0,0,0,0,0,-0.866025404,-0.5,0.923879533,-0.382683432,6
20200811,24.6,7.44,25.2,25.2,16.7,32,6463847,3.56878,0,0,0,0,0,0,0,0,0,-0.866025404,-0.5,0.831469612,-0.555570233,15
20200812,27.2,13.62,28.3,25.5,17.3,33,6760722,3.82908,0,0,0,0,0,0,0,0,0,-0.866025404,-0.5,0.707106781,-0.707106781,26
20200813,28,7.96,27.4,26.4,17.4,38,6651018,4.33991,0,0,0,0,0,0,0,0,0,-0.866025404,-0.5,0.555570233,-0.831469612,32
20200814,27.1,4.14,26.3,26.4,17.3,36,6664070,12.78894,0,0,0,0,0,0,0,0,0,-0.866025404,-0.5,0.382683432,-0.923879533,74
20200815,26.1,3.25,25.9,26.2,17.1,36.33333333,3786904,15.51462,0,0,0,0,0,0,0,0,0,-0.866025404,-0.5,0.195090322,-0.98078528,146
20200816,27.4,14.3,27.9,26.3,17.1,36.66666667,3079530,24.62812,0,0,0,0,0,0,0,0,0,-0.866025404,-0.5,1.22E-16,-1,90
20200817,28.2,18.44,29,26.9,17.1,37,3753409,25.7265,0,0,0,0,0,0,0,0,0,-0.866025404,-0.5,-0.195090322,-0.98078528,132
20200818,27.5,19.81,29.1,27.1,17.1,32,6060299,33.344,0,0,0,0,0,0,0,0,0,-0.866025404,-0.5,-0.382683432,-0.923879533,151
20200819,27.1,22.54,28.6,27.3,17.1,50,5831045,33.21282,0,0,0,0,0,0,0,0,0,-0.866025404,-0.5,-0.555570233,-0.831469612,135
20200820,27.7,15.16,27.6,27.4,17,55,5658191,31.55145,0,0,0,0,0,0,0,0,0,-0.866025404,-0.5,-0.707106781,-0.707106781,126
20200821,26.6,8.74,27.6,27.3,17,34,5641687,29.67569,0,0,0,0,0,0,0,0,0,-0.866025404,-0.5,-0.831469612,-0.555570233,128
20200822,24.3,7.56,25.2,26,17,16,3048572,23.10676,0,0,0,0,0,0,0,0,0,-0.866025404,-0.5,-0.923879533,-0.382683432,140
20200823,25.3,18.72,27.2,26.3,17,17,2166787,25.13149,0,0,0,0,0,0,0,0,0,-0.866025404,-0.5,-0.98078528,-0.195090322,97
20200824,27.8,20.25,28.6,26.6,17.1,33,5397436,34.18865,0,0,0,0,0,0,0,0,0,-0.866025404,-0.5,-1,-1.84E-16,134
20200825,29.9,21.21,30.5,27.2,17.1,47,5442809,29.706,0,0,0,0,0,0,0,0,0,-0.866025404,-0.5,-0.98078528,0.195090322,112
20200826,30.2,19.68,29.3,27.8,17.1,32,5296484,29.23206,0,0,0,0,0,0,0,0,0,-0.866025404,-0.5,-0.923879533,0.382683432,154
20200827,27.1,5.5,27.2,27.7,17.1,40,4909777,35.01023,0,0,0,0,0,0,0,0,0,-0.866025404,-0.5,-0.831469612,0.555570233,146
20200828,27.3,10.18,28.1,27.3,17.1,44,5320736,31.58055,0,0,0,0,0,0,0,0,0,-0.866025404,-0.5,-0.707106781,0.707106781,125
20200829,26.8,8.7,28.7,27.4,17.1,48,2796100,19.67705,0,0,0,0,0,0,0,0,0,-0.866025404,-0.5,-0.555570233,0.831469612,116
20200830,26.8,12.89,28.1,27.4,17.2,19,1881272,17.83653,0,0,0,0,0,0,0,0,0,-0.866025404,-0.5,-0.382683432,0.923879533,94
20200831,26.4,12.25,27.2,27.4,17.2,9,5034392,23.56984,0,0,0,0,0,0,0,0,0,-0.866025404,-0.5,-0.195090322,0.98078528,94
20200901,26.6,11.35,27,27.2,17.2,16,4942819,20.56409,0,0,0,0,0,0,0,0,0,-1,-1.84E-16,0.20129852,0.979529941,101
20200902,24.3,3.34,25.3,27,17.3,16,4753409,19.40273,0,0,0,0,0,0,0,0,0,-1,-1.84E-16,0.394355855,0.918957812,69
20200903,22.7,13.51,24,25.7,17.3,15,4733781,18.15997,0,0,0,0,0,0,0,0,0,-1,-1.84E-16,0.571268215,0.820763441,68
20200904,23.3,21.21,23.7,25.2,17.4,19,5243373,20.85131,0,0,0,0,0,0,0,0,0,-1,-1.84E-16,0.724792787,0.688966919,51
20200905,23.3,14.49,23.4,25,17.5,28,2990899,11.06081,0,0,0,0,0,0,0,0,0,-1,-1.84E-16,0.848644257,0.52896401,63
20200906,21.7,7.13,22.7,24.8,17.5,21,1990833,10.559,0,0,0,0,0,0,0,0,0,-1,-1.84E-16,0.937752132,0.347305253,48
20200907,19.2,3.37,20.1,23.6,17.6,9,4714294,14.24101,0,0,0,0,0,0,0,0,0,-1,-1.84E-16,0.988468324,0.151427778,67
20200908,23.4,21.87,23.1,22.9,17.6,27,5268273,14.11007,0,0,0,0,0,0,0,0,0,-1,-1.84E-16,0.998716507,-0.050649169,49
20200909,21.1,12.29,22.2,23.6,17.6,26,5164308,13.85251,0,0,0,0,0,0,0,0,0,-1,-1.84E-16,0.968077119,-0.250652532,48
20200910,22.8,19.17,24.4,23.6,17.7,24,5297549,13.20558,0,0,0,0,0,0,0,0,0,-1,-1.84E-16,0.89780454,-0.440394152,63
20200911,22.4,12.87,22.7,23.9,17.8,22,5455615,12.91384,0,0,0,0,0,0,0,0,0,-1,-1.84E-16,0.790775737,-0.612105983,50
20200912,20.2,7.34,21.5,23.5,17.8,9,3158176,11.23112,0,0,0,0,0,0,0,0,0,-1,-1.84E-16,0.651372483,-0.758758123,31
20200913,21.5,20.53,24.1,23.3,17.8,12,2370486,15.74903,0,0,0,0,0,0,0,0,0,-1,-1.84E-16,0.485301963,-0.874346616,41
20200914,21.3,13.86,22.8,23.5,17.8,29,5664164,11.91549,0,0,0,0,0,0,0,0,0,-1,-1.84E-16,0.299363123,-0.954139256,32
20200915,23,16.56,23.9,23.5,17.8,42,5770522,10.59455,0,0,0,0,0,0,0,0,0,-1,-1.84E-16,0.101168322,-0.994869323,51
20200916,22.5,6.21,22.2,23.9,17.9,20,5719338,10.3442,0,0,0,0,0,0,0,0,0,-1,-1.84E-16,-0.101168322,-0.994869323,63
20200917,21.3,9.35,21.5,23.7,17.9,21,5831709,11.11366,0,0,0,0,0,0,0,0,0,-1,-1.84E-16,-0.299363123,-0.954139256,46
20200918,21.5,21.24,22.4,23.2,17.9,24,6136529,9.52865,0,0,0,0,0,0,0,0,0,-1,-1.84E-16,-0.485301963,-0.874346616,40
20200919,21.2,21.25,21.8,23.1,17.9,22,3956290,7.71427,0,0,0,0,0,0,0,0,0,-1,-1.84E-16,-0.651372483,-0.758758123,28
20200920,19.7,22.19,21.2,22.8,18,19,2735573,8.05224,0,0,0,0,0,0,0,0,0,-1,-1.84E-16,-0.790775737,-0.612105983,23
20200921,19.1,19.54,20.6,22.4,18,24,6038560,10.37347,0,0,0,0,0,0,0,0,0,-1,-1.84E-16,-0.89780454,-0.440394152,21
20200922,20.2,21.71,21.8,22.2,18,22,6133669,10.67669,0,0,0,0,0,0,0,0,0,-1,-1.84E-16,-0.968077119,-0.250652532,40
20200923,19.2,16.99,20.8,22.2,18,11,6164844,9.94881,0,0,0,0,0,0,0,0,0,-1,-1.84E-16,-0.998716507,-0.050649169,39
20200924,20.6,18.54,22,22.1,18.1,11,6212545,9.19194,0,0,0,0,0,0,0,0,0,-1,-1.84E-16,-0.988468324,0.151427778,57
20200925,20.1,13.39,21.5,22.3,18.1,14,6476857,7.99829,0,0,0,0,0,0,0,0,0,-1,-1.84E-16,-0.937752132,0.347305253,26
20200926,19.3,15.92,20.4,22,18.1,15,4148380,6.74215,0,0,0,0,0,0,0,0,0,-1,-1.84E-16,-0.848644257,0.52896401,34
20200927,20.4,18.7,21.4,21.8,18.1,16,2877621,6.51277,0,0,0,0,0,0,0,0,0,-1,-1.84E-16,-0.724792787,0.688966919,19
20200928,20.7,19.29,22,21.9,18.2,24,6229457,8.06144,0,0,0,0,0,0,0,0,0,-1,-1.84E-16,-0.571268215,0.820763441,11
20200929,19.6,14.84,20.7,22,18.2,42,6139446,8.08386,0,0,0,0,0,0,0,0,0,-1,-1.84E-16,-0.394355855,0.918957812,51
20200930,19.6,14,21.1,21.8,18.2,40,2504339,8.24367,0,0,0,0,0,0,0,0,0,-1,-1.84E-16,-0.20129852,0.979529941,30
20201001,18.8,10.89,19.6,21.3,18.2,30,1782271,8.13809,0,0,0,0,0,0,0,0,0,-0.866025404,0.5,0.195090322,0.98078528,11
20201002,19.2,6.34,18.5,21,18.2,38,2448031,8.34265,0,0,0,0,0,0,0,0,0,-0.866025404,0.5,0.382683432,0.923879533,26
20201003,19.9,9.79,19.8,21.1,18.3,54,3001746,7.25812,0,0,0,0,0,0,0,0,0,-0.866025404,0.5,0.555570233,0.831469612,16
20201004,16.6,12.36,17.8,21.1,18.3,35,2710822,7.36026,0,0,0,0,0,0,0,0,0,-0.866025404,0.5,0.707106781,0.707106781,19
20201005,13.3,19.44,14.5,19.9,18.3,31,6149389,9.94188,0,0,0,0,0,0,0,0,0,-0.866025404,0.5,0.831469612,0.555570233,15
20201006,14.2,19.81,14.6,19,18.3,31,6307546,8.48925,0,0,0,0,0,0,0,0,0,-0.866025404,0.5,0.923879533,0.382683432,33
20201007,16,16.99,14.9,18.7,18.3,31,6388565,8.8333,0,0,0,0,0,0,0,0,0,-0.866025404,0.5,0.98078528,0.195090322,20
20201008,17.2,19.27,15.9,18.7,18.3,19,6646287,8.14877,0,0,0,0,0,0,0,0,0,-0.866025404,0.5,1,6.12E-17,22
20201009,17.2,18.55,16.6,18.8,18.4,21,3983561,6.13383,0,0,0,0,0,0,0,0,0,-0.866025404,0.5,0.98078528,-0.195090322,25
20201010,16.9,15.28,16.6,18.9,18.4,25,4141766,5.93547,0,0,0,0,0,0,0,0,0,-0.866025404,0.5,0.923879533,-0.382683432,23
20201011,16.9,11.45,16.1,18.9,18.4,39,3015223,10.67241,0,0,0,0,0,0,0,0,0,-0.866025404,0.5,0.831469612,-0.555570233,31
20201012,16.2,13.59,16.8,18.9,18.4,52,6464318,10.43516,0,0,0,0,0,0,0,0,0,-0.866025404,0.5,0.707106781,-0.707106781,20
20201013,13.6,14.16,14.2,18.5,18.4,35,6597273,8.77326,0,0,0,0,0,0,0,0,0,-0.866025404,0.5,0.555570233,-0.831469612,23
20201014,12.8,12.19,14.3,17.9,18.4,45,6643676,9.95134,0,0,0,0,0,0,0,0,0,-0.866025404,0.5,0.382683432,-0.923879533,25
20201015,11.7,14.48,13.1,17.2,18.4,42,6607672,8.87627,0,0,0,0,0,0,0,0,0,-0.866025404,0.5,0.195090322,-0.98078528,18
20201016,11.8,5.28,12.5,16.8,18.5,54,6821600,8.46211,0,0,0,0,0,0,0,0,0,-0.866025404,0.5,1.22E-16,-1,18
20201017,13.1,17.65,13.1,16.6,18.5,51,4744216,5.49123,0,0,0,0,0,0,0,0,0,-0.866025404,0.5,-0.195090322,-0.98078528,20
20201018,13.6,15.96,12.9,16.5,18.5,45,3325915,5.40719,0,0,0,0,0,0,0,0,0,-0.866025404,0.5,-0.382683432,-0.923879533,14
20201019,15.1,15.27,14.3,16.6,18.5,120,6587562,6.52836,0,0,0,0,0,0,0,0,0,-0.866025404,0.5,-0.555570233,-0.831469612,11
20201020,15.2,15.67,14.5,16.8,18.5,118,6760421,5.84255,0,0,0,0,0,0,0,0,0,-0.866025404,0.5,-0.707106781,-0.707106781,17
20201021,14.1,4.72,13.7,16.8,18.5,52,6692623,6.34515,0,0,0,0,0,0,0,0,0,-0.866025404,0.5,-0.831469612,-0.555570233,18
20201022,13.5,11.01,15.2,16.7,18.5,94,6756474,7.41251,0,0,0,0,0,0,0,0,0,-0.866025404,0.5,-0.923879533,-0.382683432,20
20201023,8.6,17.01,10.7,16.2,18.5,34,7063327,8.97041,0,0,0,0,0,0,0,0,0,-0.866025404,0.5,-0.98078528,-0.195090322,22
20201024,8.7,16.65,9.4,15.1,18.5,37,4890315,6.06029,0,0,0,0,0,0,0,0,0,-0.866025404,0.5,-1,-1.84E-16,17
20201025,11.8,13.83,10.9,14.7,18.5,46,3470468,4.92212,0,0,0,0,0,0,0,0,0,-0.866025404,0.5,-0.98078528,0.195090322,20
20201026,12.9,13.69,11.9,14.9,18.5,72,6690152,7.00023,0,0,0,0,0,0,0,0,0,-0.866025404,0.5,-0.923879533,0.382683432,24
20201027,14,12.23,13.2,15.2,18.5,116,6812369,6.49592,0,0,0,0,0,0,0,0,0,-0.866025404,0.5,-0.831469612,0.555570233,25
20201028,13.8,15.27,13.8,15.8,18.5,63,6896953,6.43143,0,0,0,0,0,0,0,0,0,-0.866025404,0.5,-0.707106781,0.707106781,36
20201029,10.8,13.77,11.5,15.2,18.5,44,6869005,6.99847,0,0,0,0,0,0,0,0,0,-0.866025404,0.5,-0.555570233,0.831469612,48
20201030,11.9,14.62,11.2,14.7,18.5,57,7140102,5.94742,0,0,0,0,0,0,0,0,0,-0.866025404,0.5,-0.382683432,0.923879533,52
20201031,13.6,11.03,12.9,14.6,18.5,34,5043024,5.50729,0,0,0,0,0,0,0,0,0,-0.866025404,0.5,-0.195090322,0.98078528,45
20201101,13.7,1.61,13.1,15.1,18.6,74,3173787,10.07112,0,0,0,0,0,0,0,0,0,-0.5,0.866025404,0.20129852,0.979529941,25
20201102,10.8,14.6,10,14.6,18.5,58,6740182,7.86718,0,0,0,0,0,0,0,0,0,-0.5,0.866025404,0.394355855,0.918957812,22
20201103,5.1,15.22,6.1,13.5,18.6,27,6811688,5.41746,0,0,0,0,0,0,0,0,0,-0.5,0.866025404,0.571268215,0.820763441,42
20201104,4.9,15.36,5.2,11.8,18.6,39,6839526,5.61965,0,0,0,0,0,0,0,0,0,-0.5,0.866025404,0.724792787,0.688966919,50
20201105,9.6,12.77,10.5,11.3,18.6,53,6871795,6.05917,0,0,0,0,0,0,0,0,0,-0.5,0.866025404,0.848644257,0.52896401,40
20201106,13.5,5.65,12.5,12.3,18.5,64,7085560,5.85439,0,0,0,0,0,0,0,0,0,-0.5,0.866025404,0.937752132,0.347305253,37
20201107,14.6,11.01,14.6,13.5,18.5,115,4992475,4.38538,0,0,0,0,0,0,0,0,0,-0.5,0.866025404,0.988468324,0.151427778,54
20201108,8.5,14.66,9.9,13.5,18.5,72,3590303,4.56042,0,0,0,0,0,0,0,0,0,-0.5,0.866025404,0.998716507,-0.050649169,46
20201109,5.5,10.48,5.6,12.1,18.5,34,6715554,6.26972,0,0,0,0,0,0,0,0,0,-0.5,0.866025404,0.968077119,-0.250652532,35
20201110,7.7,13.61,7.9,11.4,18.5,34,6909451,5.58445,0,0,0,0,0,0,0,0,0,-0.5,0.866025404,0.89780454,-0.440394152,45
20201111,9.3,12.96,8.7,11.2,18.5,62,7007800,5.40734,0,0,0,0,0,0,0,0,0,-0.5,0.866025404,0.790775737,-0.612105983,53
20201112,10.4,12.27,9.2,11.3,18.5,92,6948977,5.84194,0,0,0,0,0,0,0,0,0,-0.5,0.866025404,0.651372483,-0.758758123,74
20201113,12.2,8.92,12.1,11.8,18.5,115,7133182,9.65288,0,0,0,0,0,0,0,0,0,-0.5,0.866025404,0.485301963,-0.874346616,69
20201114,12.5,11.58,10.9,12.1,18.5,111,4913194,9.52395,0,0,0,0,0,0,0,0,0,-0.5,0.866025404,0.299363123,-0.954139256,85
20201115,11.1,9.52,10.2,12.3,18.5,118,3484965,9.63113,0,0,0,0,0,0,0,0,0,-0.5,0.866025404,0.101168322,-0.994869323,81
20201116,12.4,10.76,10.9,12.2,18.5,110,6641313,14.09701,0,0,0,0,0,0,0,0,0,-0.5,0.866025404,-0.101168322,-0.994869323,90
20201117,15.9,5.7,13,12.5,18.5,90,6743455,12.89994,0,0,0,0,0,0,0,0,0,-0.5,0.866025404,-0.299363123,-0.954139256,92
20201118,16.6,2.63,15.3,13.6,18.5,50,6635518,21.73455,0,0,0,0,0,0,0,0,0,-0.5,0.866025404,-0.485301963,-0.874346616,109
20201119,13.6,0.96,14.6,15.1,18.5,34,6298887,23.06987,0,0,0,0,0,0,0,0,0,-0.5,0.866025404,-0.651372483,-0.758758123,132
20201120,2.8,2.74,6.2,13.7,18.5,33,6834724,22.42497,0,0,0,0,0,0,0,0,0,-0.5,0.866025404,-0.790775737,-0.612105983,156
20201121,6.5,10.52,6.5,11.1,18.4,47,4364599,19.28253,0,0,0,0,0,0,0,0,0,-0.5,0.866025404,-0.89780454,-0.440394152,121
20201122,5.6,3.61,7.3,11.1,18.4,57,2930090,20.83574,0,0,0,0,0,0,0,0,0,-0.5,0.866025404,-0.968077119,-0.250652532,112
20201123,1.7,12.35,2.9,9.9,18.4,41,6321932,21.3509,0,0,0,0,0,0,0,0,0,-0.5,0.866025404,-0.998716507,-0.050649169,133
20201124,2.9,6.33,3.5,8.8,18.4,39,6186178,18.10054,0,0,0,0,0,0,0,0,0,-0.5,0.866025404,-0.988468324,0.151427778,142
20201125,4.6,8.32,3.5,8.2,18.4,61,6200367,22.24255,0,0,0,0,0,0,0,0,0,-0.5,0.866025404,-0.937752132,0.347305253,213
20201126,5.6,9.8,4.4,8.2,18.4,90,6003435,48.40056,0,0,0,0,0,0,0,0,0,-0.5,0.866025404,-0.848644257,0.52896401,204
20201127,4.1,8.52,4.9,8.3,18.4,62,5966157,35.52447,0,0,0,0,0,0,0,0,0,-0.5,0.866025404,-0.724792787,0.688966919,178
20201128,-0.1,11.89,1.2,7.6,18.4,29,3519500,25.24133,0,0,0,0,0,0,0,0,0,-0.5,0.866025404,-0.571268215,0.820763441,158
20201129,-0.6,5.61,0.7,6.6,18.3,36,2473191,31.3923,0,0,0,0,0,0,0,0,0,-0.5,0.866025404,-0.394355855,0.918957812,159
20201130,-0.2,11.55,0.4,5.9,18.3,46,5769753,31.54617,0,0,0,0,0,0,0,0,0,-0.5,0.866025404,-0.20129852,0.979529941,155
20201201,1.1,10.69,0.3,5.4,18.3,42,5770669,21.14642,0,0,0,0,0,0,0,0,0,-2.45E-16,1,0.195090322,0.98078528,193
20201202,2.4,6.38,2.2,5.4,18.3,43,5824643,20.46287,0,0,0,0,0,0,0,0,0,-2.45E-16,1,0.382683432,0.923879533,262
20201203,0.7,11.52,1.2,5.4,18.3,36,5792511,20.65972,0,0,0,0,0,0,0,0,0,-2.45E-16,1,0.555570233,0.831469612,295
20201204,-0.6,11.62,-0.3,4.9,18.3,45,5896471,32.96475,0,0,0,0,0,0,0,0,0,-2.45E-16,1,0.707106781,0.707106781,235
20201205,2.1,8.18,0.5,4.5,18.2,55,3550802,21.59925,0,0,0,0,0,0,0,0,0,-2.45E-16,1,0.831469612,0.555570233,254
20201206,4.5,8.37,2.1,4.7,18.2,74,2476820,26.35378,0,0,0,0,0,0,0,0,0,-2.45E-16,1,0.923879533,0.382683432,244
20201207,3.4,8.93,3.1,5.3,18.2,79,5634684,25.79867,0,0,0,0,0,0,0,0,0,-2.45E-16,1,0.98078528,0.195090322,214
20201208,-0.5,11.4,0.1,5,18.2,35,5488081,21.5786,0,0,0,0,0,0,0,0,0,-2.45E-16,1,1,6.12E-17,270
20201209,1.5,8.48,-0.3,4.3,18.2,55,5458813,22.36989,0,0,0,0,0,0,0,0,0,-2.45E-16,1,0.98078528,-0.195090322,251
20201210,5.8,4.74,3.9,4.5,18.1,112,5470882,21.95751,0,0,0,0,0,0,0,0,0,-2.45E-16,1,0.923879533,-0.382683432,252
20201211,5.3,5.85,3.3,5.3,18.1,126,5569737,25.75261,0,0,0,0,0,0,0,0,0,-2.45E-16,1,0.831469612,-0.555570233,362
20201212,2.3,10.22,1.8,5.4,18.1,71,3186336,45.52264,0,0,0,0,0,0,0,0,0,-2.45E-16,1,0.707106781,-0.707106781,399
20201213,-1.1,1.9,0.5,4.9,18.1,51,2047892,46.28487,0,0,0,0,0,0,0,0,0,-2.45E-16,1,0.555570233,-0.831469612,219
20201214,-7.7,11.44,-1.9,4.1,18.1,31,5058244,44.52544,0,0,0,0,0,0,0,0,0,-2.45E-16,1,0.382683432,-0.923879533,251
20201215,-8.3,11.61,-3.7,3.2,18,24,5009471,34.52029,0,0,0,0,0,0,0,0,0,-2.45E-16,1,0.195090322,-0.98078528,378
20201216,-8.3,11.44,-4.3,2.7,18,29,4965404,36.74064,0,0,0,0,0,0,0,0,0,-2.45E-16,1,1.22E-16,-1,423
20201217,-4.9,11.15,-3.7,2.3,18,34,5037096,33.3388,0,0,0,0,0,0,0,0,0,-2.45E-16,1,-0.195090322,-0.98078528,398
20201218,-2.1,8.45,-1.3,2,17.9,47,5298350,27.70343,0,0,0,0,0,0,0,0,0,-2.45E-16,1,-0.382683432,-0.923879533,384
20201219,-5.1,11.27,-3.5,2,17.9,35,2916918,22.92583,0,0,0,0,0,0,0,0,0,-2.45E-16,1,-0.555570233,-0.831469612,473
20201220,-3.7,11,-3.3,1.8,17.9,34,1983253,25.35365,0,0,0,0,0,0,0,0,0,-2.45E-16,1,-0.707106781,-0.707106781,328
20201221,-1,9.99,-2.4,1.6,17.9,56,5184114,29.58536,0,0,0,0,0,0,0,0,0,-2.45E-16,1,-0.831469612,-0.555570233,317
20201222,2,7.83,-0.4,1.6,17.8,74,5214472,23.47876,0,0,0,0,0,0,0,0,0,-2.45E-16,1,-0.923879533,-0.382683432,376
20201223,4.5,4.6,0.4,1.5,17.8,103,5196361,21.73691,0,0,0,0,0,0,0,0,0,-2.45E-16,1,-0.98078528,-0.195090322,319
20201224,2.6,9.82,0.7,1.6,17.8,85,5256487,16.94496,0,0,0,0,0,0,0,0,0,-2.45E-16,1,-1,-1.84E-16,552
20201225,-0.8,10.88,-1.4,1.6,17.7,37,2286687,19.66282,0,0,0,0,0,0,0,0,0,-2.45E-16,1,-0.98078528,0.195090322,466
20201226,2.2,8.99,-0.6,1.6,17.7,80,2624396,20.84279,0,0,0,0,0,0,0,0,0,-2.45E-16,1,-0.923879533,0.382683432,362
20201227,5.8,8.12,1.4,1.7,17.7,95,1888954,24.77112,0,0,0,0,0,0,0,0,0,-2.45E-16,1,-0.831469612,0.555570233,301
20201228,6.7,9.12,2.7,2.1,17.6,94,5076237,20.51006,0,0,0,0,0,0,0,0,0,-2.45E-16,1,-0.707106781,0.707106781,523
20201229,0.1,1.98,-0.1,2.7,17.6,96,5083839,19.01932,0,0,0,0,0,0,0,0,0,-2.45E-16,1,-0.555570233,0.831469612,387
20201230,-10.9,11.36,-4.4,2.4,17.6,47,4844081,16.36194,0,0,0,0,0,0,0,0,0,-2.45E-16,1,-0.382683432,0.923879533,366
20201231,-8.9,9.06,-5,1.8,17.5,34,4669240,14.79837,0,0,0,0,0,0,0,0,0,-2.45E-16,1,-0.195090322,0.98078528,359
20210101,-4.2,9.54,-3.4,1.4,17.5,36,1576211,13.4156,0,0,0,0,0,0,0,0,0,0.5,0.866025404,0.20129852,0.979529941,251
20210102,-5,11.34,-3.9,1.2,17.5,43,2436908,16.22807,0,0,0,0,0,0,0,0,0,0.5,0.866025404,0.394355855,0.918957812,197
20210103,-5.6,8.8,-4.9,1,17.4,47,1898773,14.26351,0,0,0,0,0,0,0,0,0,0.5,0.866025404,0.571268215,0.820763441,329
20210104,-3.5,7.44,-3.3,0.8,17.4,50,5254440,16.77767,0,0,0,0,0,0,0,0,0,0.5,0.866025404,0.724792787,0.688966919,199
20210105,-5.5,10.46,-3.2,0.8,17.3,37,5238896,15.34404,0,0,0,0,0,0,0,0,0,0.5,0.866025404,0.848644257,0.52896401,264
20210106,-7.4,11.78,-4,0.6,17.3,30,5468872,14.14839,0,0,0,0,0,0,0,0,0,0.5,0.866025404,0.937752132,0.347305253,298
20210107,-14.5,12.08,-6.1,0.5,17.3,56,5693876,12.87621,0,0,0,0,0,0,0,0,0,0.5,0.866025404,0.988468324,0.151427778,191
20210108,-14.9,12.38,-9.3,0.1,17.2,27,5266870,12.88449,0,0,0,0,0,0,0,0,0,0.5,0.866025404,0.998716507,-0.050649169,188
20210109,-12.2,11.59,-8.4,-0.3,17.2,33,2971069,11.56469,0,0,0,0,0,0,0,0,0,0.5,0.866025404,0.968077119,-0.250652532,187
20210110,-7.7,9.84,-6.1,-0.6,17.1,48,1999567,11.46201,0,0,0,0,0,0,0,0,0,0.5,0.866025404,0.89780454,-0.440394152,141
20210111,-6.7,4.47,-5.5,-0.6,17.1,63,5330916,15.24003,0,0,0,0,0,0,0,0,0,0.5,0.866025404,0.790775737,-0.612105983,167
20210112,-3.9,6.13,-4.1,-0.7,17.1,88,5765791,13.98564,0,0,0,0,0,0,0,0,0,0.5,0.866025404,0.651372483,-0.758758123,152
20210113,2,8.27,0,-0.4,17,146,5638401,13.19831,0,0,0,0,0,0,0,0,0,0.5,0.866025404,0.485301963,-0.874346616,134
20210114,1.7,10.21,-0.2,-0.2,17,100,5551505,13.3166,0,0,0,0,0,0,0,0,0,0.5,0.866025404,0.299363123,-0.954139256,127
20210115,4.5,2.11,0.7,-0.2,16.9,109,5623832,12.35382,0,0,0,0,0,0,0,0,0,0.5,0.866025404,0.101168322,-0.994869323,156
20210116,-4.9,11.86,-1.6,-0.1,16.9,69,3386672,13.39787,0,0,0,0,0,0,0,0,0,0.5,0.866025404,-0.101168322,-0.994869323,145
20210117,-5.5,10.83,-3.9,-0.1,16.9,29,2267922,8.91524,0,0,0,0,0,0,0,0,0,0.5,0.866025404,-0.299363123,-0.954139256,132
20210118,-3.8,4.54,-3.3,-0.1,16.8,53,5770660,11.14364,0,0,0,0,0,0,0,0,0,0.5,0.866025404,-0.485301963,-0.874346616,101
20210119,-6.3,12.48,-4.8,-0.3,16.8,43,5586462,10.45461,0,0,0,0,0,0,0,0,0,0.5,0.866025404,-0.651372483,-0.758758123,143
20210120,-0.1,11.92,-2,-0.5,16.7,59,5859748,10.07328,0,0,0,0,0,0,0,0,0,0.5,0.866025404,-0.790775737,-0.612105983,125
20210121,4.5,2.77,0.7,-0.2,16.7,72,5732246,9.32934,0,0,0,0,0,0,0,0,0,0.5,0.866025404,-0.89780454,-0.440394152,115
20210122,5.5,2.34,1.9,-0.2,16.6,71,5902498,9.36749,0,0,0,0,0,0,0,0,0,0.5,0.866025404,-0.968077119,-0.250652532,127
20210123,7.6,9.72,3.6,-0.1,16.6,19,3734548,8.05184,0,0,0,0,0,0,0,0,0,0.5,0.866025404,-0.998716507,-0.050649169,133
20210124,7.3,12.4,3,-0.1,16.5,20,2605276,8.58933,0,0,0,0,0,0,0,0,0,0.5,0.866025404,-0.988468324,0.151427778,102
20210125,7.9,10.74,3.3,-0.1,16.5,34,5909489,11.20032,0,0,0,0,0,0,0,0,0,0.5,0.866025404,-0.937752132,0.347305253,104
20210126,5.3,1.95,2,-0.1,16.5,70,5835096,9.85509,0,0,0,0,0,0,0,0,0,0.5,0.866025404,-0.848644257,0.52896401,129
20210127,1.7,12.4,1.6,0,16.4,50,6065861,11.28332,0,0,0,0,0,0,0,0,0,0.5,0.866025404,-0.724792787,0.688966919,105
20210128,-2.6,6.14,-0.3,0.1,16.4,51,5862059,9.24881,0,0,0,0,0,0,0,0,0,0.5,0.866025404,-0.571268215,0.820763441,112
20210129,-8.8,14.42,-1.7,0.2,16.3,32,5827595,8.63566,0,0,0,0,0,0,0,0,0,0.5,0.866025404,-0.394355855,0.918957812,154
20210130,-1.6,10.46,-0.3,0.4,16.3,74,3764108,7.88136,0,0,0,0,0,0,0,0,0,0.5,0.866025404,-0.20129852,0.979529941,101
20210131,3.2,10.92,0.1,0.5,16.2,75,2655118,11.34393,0,0,0,0,0,0,0,0,0,0.5,0.866025404,-2.45E-16,1,107
20210201,5,5.8,1.6,0.7,16.2,99,5984511,7.96972,0,0,0,0,0,0,0,0,0,0.866025404,0.5,0.222520934,0.974927912,128
20210202,-5.6,14.69,-0.6,0.7,16.1,39,5962448,7.60349,0,0,0,0,0,0,0,0,0,0.866025404,0.5,0.433883739,0.900968868,188
20210203,-3.2,11.7,-1.4,0.7,16.1,49,6213670,8.01839,0,0,0,0,0,0,0,0,0,0.866025404,0.5,0.623489802,0.781831482,172
20210204,-3.6,15.33,-0.3,0.7,16.1,35,6190278,7.29905,0,0,0,0,0,0,0,0,0,0.866025404,0.5,0.781831482,0.623489802,126
20210205,1.4,7.95,0.2,0.7,16,41,6298827,6.68223,0,0,0,0,0,0,0,0,0,0.866025404,0.5,0.900968868,0.433883739,143
20210206,6.8,4.77,2.2,0.7,16,108,3961056,6.90421,0,0,0,0,0,0,0,0,0,0.866025404,0.5,0.974927912,0.222520934,144
20210207,3.6,11.38,3.2,0.9,15.9,118,2763687,5.61325,0,0,0,0,0,0,0,0,0,0.866025404,0.5,1,6.12E-17,112
20210208,-3.1,15.91,0.2,1.2,15.9,34,6150214,7.09574,0,0,0,0,0,0,0,0,0,0.866025404,0.5,0.974927912,-0.222520934,90
20210209,-0.9,15.46,0.5,1,15.8,31,6219125,7.17586,0,0,0,0,0,0,0,0,0,0.866025404,0.5,0.900968868,-0.433883739,175
20210210,3.4,6.15,0.7,1,15.8,56,5977036,6.82502,0,0,0,0,0,0,0,0,0,0.866025404,0.5,0.781831482,-0.623489802,183
20210211,5.5,11.22,2.8,1.2,15.7,106,2381532,6.53613,0,0,0,0,0,0,0,0,0,0.866025404,0.5,0.623489802,-0.781831482,158
20210212,6.5,14.72,4.2,2,15.7,123,1690313,6.32844,0,0,0,0,0,0,0,0,0,0.866025404,0.5,0.433883739,-0.900968868,136
20210213,7.6,14.36,4.5,2.9,15.6,116,2741050,9.48092,0,0,0,0,0,0,0,0,0,0.866025404,0.5,0.222520934,-0.974927912,152
20210214,9.5,7.21,5.6,4,15.6,115,2674320,6.74119,0,0,0,0,0,0,0,0,0,0.866025404,0.5,1.22E-16,-1,151
20210215,1.2,9.69,3.7,4.6,15.6,78,5928258,8.00188,0,0,0,0,0,0,0,0,0,0.866025404,0.5,-0.222520934,-0.974927912,161
20210216,-5.1,7.31,-1.7,3.4,15.5,36,6159286,7.38206,0,0,0,0,0,0,0,0,0,0.866025404,0.5,-0.433883739,-0.900968868,258
20210217,-8.3,17.28,-2.1,2.2,15.5,64,6021725,12.22272,0,0,0,0,0,0,0,0,0,0.866025404,0.5,-0.623489802,-0.781831482,185
20210218,-5.8,17.05,-1.3,1.6,15.4,58,6096471,10.99145,0,0,0,0,0,0,0,0,0,0.866025404,0.5,-0.781831482,-0.623489802,180
20210219,1.6,14.8,0.5,1.2,15.4,67,6492027,8.73264,0,0,0,0,0,0,0,0,0,0.866025404,0.5,-0.900968868,-0.433883739,123
20210220,8.8,15.25,4,1.2,15.3,99,4314359,6.50048,0,0,0,0,0,0,0,0,0,0.866025404,0.5,-0.974927912,-0.222520934,130
20210221,10.8,15.34,5.5,1.9,15.3,108,3065488,5.82745,0,0,0,0,0,0,0,0,0,0.866025404,0.5,-1,-1.84E-16,106
20210222,7.8,13.04,6.5,4.2,15.2,69,6301282,7.17957,0,0,0,0,0,0,0,0,0,0.866025404,0.5,-0.974927912,0.222520934,126
20210223,0,17.53,2.9,4.1,15.2,69,6338810,6.56383,0,0,0,0,0,0,0,0,0,0.866025404,0.5,-0.900968868,0.433883739,144
20210224,2.9,16.1,3.6,3.5,15.2,66,6425607,6.30182,0,0,0,0,0,0,0,0,0,0.866025404,0.5,-0.781831482,0.623489802,122
20210225,4.2,5.22,1.6,3.6,15.1,73,6381991,6.12649,0,0,0,0,0,0,0,0,0,0.866025404,0.5,-0.623489802,0.781831482,132
20210226,8.2,18.2,5.1,3.5,15.1,42,6666606,6.39702,0,0,0,0,0,0,0,0,0,0.866025404,0.5,-0.433883739,0.900968868,131
20210227,9.5,17.96,7,4.6,15,23,4524145,4.66871,5404.759259,5404.759259,0.52962963,0,0,0,0,0,0,0.866025404,0.5,-0.222520934,0.974927912,120
20210228,7.8,7.13,5.4,5.3,15,32,3325654,4.67568,5404.759259,10809.51852,1.059259259,0,0,0,0,0,0,0.866025404,0.5,-2.45E-16,1,92
20210301,4.7,1.4,4.7,5.5,14.9,28,2634568,4.48713,5404.759259,16214.27778,1.588888889,0,0,0,0,0,0,1,6.12E-17,0.20129852,0.979529941,122
20210302,2.3,12.9,5.4,4.9,14.9,18,6379786,5.7202,5404.759259,21619.03704,2.118518519,0,0,0,0,0,0,1,6.12E-17,0.394355855,0.918957812,119
20210303,4.4,16.52,4.5,4.9,14.9,57,6512570,5.31621,5404.759259,27023.7963,2.648148148,0,0,0,0,0,0,1,6.12E-17,0.571268215,0.820763441,118
20210304,7.2,9.85,6.2,5.1,14.8,66,6495421,5.2817,5404.759259,32428.55556,3.177777778,0,0,0,0,0,0,1,6.12E-17,0.724792787,0.688966919,129
20210305,9,18.95,9.1,5.7,14.8,56,6847772,5.41457,5404.759259,37833.31481,3.707407407,0,0,0,0,0,0,1,6.12E-17,0.848644257,0.52896401,128
20210306,6.6,12.71,7.1,6.6,14.7,39,4545921,4.52284,5404.759259,43238.07407,4.237037037,0,0,0,0,0,0,1,6.12E-17,0.937752132,0.347305253,132
20210307,6.2,18.17,7.9,6.5,14.7,37,3241550,4.22683,5404.759259,48642.83333,4.766666667,0,0,0,0,0,0,1,6.12E-17,0.988468324,0.151427778,100
20210308,7,19.12,8.1,6.7,14.7,55,6462012,5.508,5404.759259,54047.59259,5.296296296,0,0,0,0,0,0,1,6.12E-17,0.998716507,-0.050649169,102
20210309,6.6,15.57,6.9,6.8,14.6,63,6571330,5.12523,5404.759259,59452.35185,5.825925926,0,0,0,0,0,0,1,6.12E-17,0.968077119,-0.250652532,138
20210310,8.8,19.1,9,6.8,14.6,129,6629199,5.31382,5404.759259,64857.11111,6.355555556,0,0,0,0,0,0,1,6.12E-17,0.89780454,-0.440394152,138
20210311,10.2,16.6,9.8,7.4,14.6,156,6576247,5.29884,5404.759259,70261.87037,6.885185185,0,0,0,0,0,0,1,6.12E-17,0.790775737,-0.612105983,140
20210312,10.5,7.41,8.7,8.1,14.5,89,6739888,5.59872,5404.759259,75666.62963,7.414814815,0,0,0,0,0,0,1,6.12E-17,0.651372483,-0.758758123,140
20210313,9.2,14.87,9.9,8.1,14.5,74,4670515,4.04215,5404.759259,81071.38889,7.944444444,0,0,0,0,0,0,1,6.12E-17,0.485301963,-0.874346616,112
20210314,9.1,17.99,10.9,8.4,14.4,117,3304372,4.21611,5404.759259,86476.14815,8.474074074,0,0,0,0,0,0,1,6.12E-17,0.299363123,-0.954139256,112
20210315,10.6,12.75,10.3,8.8,14.4,128,6455820,5.00241,5404.759259,91880.90741,9.003703704,0,0,0,0,0,0,1,6.12E-17,0.101168322,-0.994869323,79
20210316,8.4,21.13,11.8,9.4,14.4,129,6555277,4.66602,5404.759259,97285.66667,9.533333333,0,0,0,0,0,0,1,6.12E-17,-0.101168322,-0.994869323,120
20210317,8.8,20.79,10.4,9,14.3,121,6664145,4.5612,5404.759259,102690.4259,10.06296296,0,0,0,0,0,0,1,6.12E-17,-0.299363123,-0.954139256,124
20210318,11.7,16.63,11.6,9.2,14.3,132,6655268,4.43538,5404.759259,108095.1852,10.59259259,0,0,0,0,0,0,1,6.12E-17,-0.485301963,-0.874346616,146
20210319,15.3,19.09,15,10.2,14.3,85,6989551,4.14589,5404.759259,113499.9444,11.12222222,0,0,0,0,0,0,1,6.12E-17,-0.651372483,-0.758758123,120
20210320,9.9,2,9.8,10.9,14.2,46,4287981,3.39553,5404.759259,118904.7037,11.65185185,0,0,0,0,0,0,1,6.12E-17,-0.790775737,-0.612105983,125
20210321,5.8,10.42,7.6,9.8,14.2,58,3313904,3.36001,5404.759259,124309.463,12.18148148,0,0,0,0,0,0,1,6.12E-17,-0.89780454,-0.440394152,109
20210322,6.2,22.58,9,8.7,14.2,50,6499568,4.39254,5404.759259,129714.2222,12.71111111,0,0,0,0,0,0,1,6.12E-17,-0.968077119,-0.250652532,97
20210323,9.1,20.89,10.6,8.8,14.1,108,6633472,4.02548,5404.759259,135118.9815,13.24074074,0,0,0,0,0,0,1,6.12E-17,-0.998716507,-0.050649169,137
20210324,10.8,19.53,11.7,9.4,14.1,89,6693485,4.21114,5404.759259,140523.7407,13.77037037,0,0,0,0,0,0,1,6.12E-17,-0.988468324,0.151427778,127
20210325,11.9,20.86,13.5,10.3,14.1,95,6744504,4.16524,5404.759259,145928.5,14.3,0,0,0,0,0,0,1,6.12E-17,-0.937752132,0.347305253,122
20210326,12.6,16.98,13.4,10.8,14,159,6992383,4.4055,5404.759259,151333.2593,14.82962963,0,0,0,0,0,0,1,6.12E-17,-0.848644257,0.52896401,127
20210327,12.1,3.72,10.5,10.9,14,107,4349254,3.95314,5404.759259,156738.0185,15.35925926,0,0,0,0,0,0,1,6.12E-17,-0.724792787,0.688966919,138
20210328,9,2.35,10.2,10.6,14,57,3021447,3.75611,5404.759259,162142.7778,15.88888889,0,0,0,0,0,0,1,6.12E-17,-0.571268215,0.820763441,107
20210329,10.2,18.24,11.4,10.5,14,389,6512345,4.73819,5404.759259,167547.537,16.41851852,0,0,0,0,0,0,1,6.12E-17,-0.394355855,0.918957812,145
20210330,10.8,24.53,12.6,10.5,13.9,189,6694001,4.30165,5404.759259,172952.2963,16.94814815,0,0,0,0,0,0,1,6.12E-17,-0.20129852,0.979529941,158
20210331,14.5,23.29,14.2,10.9,13.9,50,6756072,4.46819,5404.759259,178357.0556,17.47777778,0,0,0,0,0,0,1,6.12E-17,-2.45E-16,1,199
20210401,17.7,20.91,14.4,11.9,13.9,52,6760693,5.34705,5404.759259,183761.8148,18.00740741,0,0,0,0,0,0,0.866025404,-0.5,0.207911691,0.978147601,167
20210402,17.8,15.37,15.3,12.6,13.8,57,7004732,5.05073,5404.759259,189166.5741,18.53703704,0,0,0,0,0,0,0.866025404,-0.5,0.406736643,0.913545458,155
20210403,14.9,1.98,13.9,13.3,13.8,51,3973206,3.76127,5404.759259,194571.3333,19.06666667,0,0,0,0,0,0,0.866025404,-0.5,0.587785252,0.809016994,149
20210404,11.9,12.91,13.1,13.1,13.8,20,3313213,4.3191,5404.759259,199976.0926,19.5962963,0,0,0,0,0,0,0.866025404,-0.5,0.743144825,0.669130606,152
20210405,11.9,25.81,14.5,12.7,13.8,30,6625626,6.46076,5404.759259,205380.8519,20.12592593,0,0,0,0,0,0,0.866025404,-0.5,0.866025404,0.5,147
20210406,13.9,23.34,15.2,13,13.7,54,6737329,5.97306,5404.759259,210785.6111,20.65555556,0,0,0,0,0,0,0.866025404,-0.5,0.951056516,0.309016994,198
20210407,14.1,24.49,15.4,13.3,13.7,72,6683230,9.29371,5404.759259,216190.3704,21.18518519,0,0,0,0,0,0,0.866025404,-0.5,0.994521895,0.104528463,244
20210408,13,25.85,15.1,13.3,13.7,41,6714254,12.78932,5404.759259,221595.1296,21.71481481,0,0,0,0,0,0,0.866025404,-0.5,0.994521895,-0.104528463,215
20210409,13.6,25.3,15,13.2,13.7,42,6941806,11.66354,5404.759259,226999.8889,22.24444444,0,0,0,0,0,0,0.866025404,-0.5,0.951056516,-0.309016994,201
20210410,12.6,23.77,15.2,13.6,13.6,45,4751998,6.50332,5404.759259,232404.6481,22.77407407,0,0,0,0,0,0,0.866025404,-0.5,0.866025404,-0.5,214
20210411,15,22.57,15.9,13.6,13.6,59,3397936,5.85906,5404.759259,237809.4074,23.3037037,0,0,0,0,0,0,0.866025404,-0.5,0.743144825,-0.669130606,162
20210412,13.8,5.39,13.2,14.1,13.6,62,6294035,7.49543,5404.759259,243214.1667,23.83333333,0,0,0,0,0,0,0.866025404,-0.5,0.587785252,-0.809016994,158
20210413,10.4,14.95,14.5,13.6,13.6,24,6564661,6.19145,5404.759259,248618.9259,24.36296296,0,0,0,0,0,0,0.866025404,-0.5,0.406736643,-0.913545458,247
20210414,8.4,27.31,13.3,12.9,13.6,50,6654785,7.90953,5404.759259,254023.6852,24.89259259,2300,2300,0.1725,0,0,0,0.866025404,-0.5,0.207911691,-0.978147601,217
20210415,11.6,24.78,14.9,13,13.5,71,6613109,7.00424,5404.759259,259428.4444,25.42222222,2300,4600,0.345,0,0,0,0.866025404,-0.5,1.22E-16,-1,216
20210416,11.3,8.59,12.6,13.3,13.5,103,6609439,5.97976,5404.759259,264833.2037,25.95185185,2300,6900,0.5175,0,0,0,0.866025404,-0.5,-0.207911691,-0.978147601,217
20210417,9.6,13.62,12.2,12.4,13.5,105,4437448,4.39863,5404.759259,270237.963,26.48148148,0,6900,0.69,0,0,0,0.866025404,-0.5,-0.406736643,-0.913545458,205
20210418,9.9,26.94,14,12.1,13.5,50,3275502,4.39496,5404.759259,275642.7222,27.01111111,2300,9200,0.8425,0,0,0,0.866025404,-0.5,-0.587785252,-0.809016994,137
20210419,12.2,26.18,15.6,12.8,13.5,69,6447795,5.61454,5404.759259,281047.4815,27.54074074,2300,11500,0.995,0,0,0,0.866025404,-0.5,-0.743144825,-0.669130606,148
20210420,14.8,24.8,17.3,13.7,13.5,78,6630296,5.05291,5404.759259,286452.2407,28.07037037,2300,13800,1.1475,0,0,0,0.866025404,-0.5,-0.866025404,-0.5,218
20210421,19.1,25.12,19.8,14.6,13.5,81,6674099,5.83998,20830,291857,28.6,25,13543,1.3,0,0,0,0.866025404,-0.5,-0.951056516,-0.309016994,230
20210422,20.9,15.7,20.1,15.9,13.4,78,6604527,5.92583,22831,317386,31,2358,15901,1.6,0,0,0,0.866025404,-0.5,-0.994521895,-0.104528463,204
20210423,19,8.36,17.1,16.3,13.4,41,6826659,7.84011,28378,345764,33.6,2475,18376,1.8,0,0,0,0.866025404,-0.5,-0.994521895,0.104528463,253
20210424,18.3,13.65,17.7,15.9,13.4,24,4619530,5.78744,4663,350427,34.2,137,18513,1.8,0,0,0,0.866025404,-0.5,-0.951056516,0.309016994,175
20210425,18.2,27.12,21.4,16,13.4,26,3333003,5.09307,204,350631,34.2,0,18513,1.8,0,0,0,0.866025404,-0.5,-0.866025404,0.5,154
20210426,16.2,21.57,20.1,16.5,13.4,29,6571052,6.64735,23323,379120,35.1,3411,21910,2,0,0,0,0.866025404,-0.5,-0.743144825,0.669130606,116
20210427,15.4,10.37,17.3,16.4,13.4,35,6630323,5.74068,23973,403093,37.3,3721,25631,2.4,0,0,0,0.866025404,-0.5,-0.587785252,0.809016994,259
20210428,14.5,16.09,16.3,16.1,13.4,58,6678838,5.83468,31795,438269,40.2,2062,27699,2.5,0,0,0,0.866025404,-0.5,-0.406736643,0.913545458,227
20210429,14.6,15.99,16.9,15.7,13.4,59,6713630,5.0671,33484,472376,43.6,3921,31620,2.9,0,0,0,0.866025404,-0.5,-0.207911691,0.978147601,227
20210430,11.3,9.45,12.8,15.2,13.4,40,6909710,4.73779,38789,511162,46.6,4280,35900,3.3,0,0,0,0.866025404,-0.5,-2.45E-16,1,195
20210501,10.2,11.89,12.4,14.5,13.4,33,4261569,3.36333,8683,519845,47.2,691,36591,3.3,0,0,0,0.5,-0.866025404,0.20129852,0.979529941,182
20210502,12.4,27.71,16.8,14.3,13.4,19,3445054,3.21116,82,520200,47.2,0,36591,3.3,0,0,0,0.5,-0.866025404,0.394355855,0.918957812,127
20210503,14.1,27.7,17.3,15,13.4,41,6623500,4.22141,19795,540404,49,5033,41624,3.8,0,0,0,0.5,-0.866025404,0.571268215,0.820763441,184
20210504,13.8,3.68,13.5,15.3,13.4,36,6532432,3.91511,18942,559605,50.6,4665,46290,4.1,0,0,0,0.5,-0.866025404,0.724792787,0.688966919,238
20210505,13.9,28.34,17.6,15.3,13.4,38,3971547,3.23376,1788,563044,50.9,1650,47940,4.3,0,0,0,0.5,-0.866025404,0.848644257,0.52896401,212
20210506,15.7,23.81,16.8,15.6,13.4,56,6740931,3.90418,11021,574583,51.9,11715,59707,5.4,0,0,0,0.5,-0.866025404,0.937752132,0.347305253,179
20210507,14.4,17.12,15.5,15.8,13.4,298,6755271,3.60528,17490,592073,52.9,11219,70926,6.3,0,0,0,0.5,-0.866025404,0.988468324,0.151427778,242
20210508,14.3,23.01,16.9,15.6,13.4,384,4109288,3.12207,2801,589744,53,1789,73003,6.6,0,0,0,0.5,-0.866025404,0.998716507,-0.050649169,195
20210509,15.7,30.44,18.2,15.9,13.4,47,3420566,2.87306,0,591040,53.1,0,73295,6.6,0,0,0,0.5,-0.866025404,0.968077119,-0.250652532,141
20210510,13.2,4.69,13.5,15.9,13.4,26,6443303,3.8133,3131,594975,53.4,12457,85775,7.7,0,0,0,0.5,-0.866025404,0.89780454,-0.440394152,163
20210511,18.5,27.17,18.7,15.4,13.4,24,6808892,3.6907,2796,598266,53.7,13030,98810,8.9,0,0,0,0.5,-0.866025404,0.790775737,-0.612105983,223
20210512,22,26.51,21.7,17,13.4,24,6822001,3.64727,2282,600548,53.8,13971,112781,10.1,0,0,0,0.5,-0.866025404,0.651372483,-0.758758123,223
20210512,22,26.51,21.7,17,13.4,24,6822001,3.64727,2282,600548,53.8,13971,112781,10.1,0,0,0,0.5,-0.866025404,0.651372483,-0.758758123,223
20210512,22,26.51,21.7,17,13.4,24,6822001,3.64727,2282,600548,53.8,13971,112781,10.1,0,0,0,0.5,-0.866025404,0.651372483,-0.758758123,223
20210512,22,26.51,21.7,17,13.4,24,6822001,3.64727,2282,600548,53.8,13971,112781,10.1,0,0,0,0.5,-0.866025404,0.651372483,-0.758758123,227
20210513,22.9,27.3,24.6,18.5,13.4,46,6803035,3.81876,3391,604185,54.2,12435,125220,11.2,0,0,0,0.5,-0.866025404,0.485301963,-0.874346616,231
20210514,24.1,24.38,25.2,19.7,13.4,58,7098813,3.92618,3827,609382,54.1,12751,137973,11.2,0,0,0,0.5,-0.866025404,0.299363123,-0.954139256,254
20210515,22.1,9.42,22.9,20.5,13.4,66,4526249,2.74009,956,610338,54.6,3796,141769,12.7,0,0,0,0.5,-0.866025404,0.101168322,-0.994869323,213
20210516,18.4,3.05,19.6,20.2,13.4,14,2775219,2.56032,0,610403,54.5,0,141769,12.7,0,0,0,0.5,-0.866025404,-0.101168322,-0.994869323,195
20210517,15.3,5.21,17.4,18.9,13.4,16,6438471,3.41057,3197,613630,54.7,13074,154898,13.8,0,0,0,0.5,-0.866025404,-0.299363123,-0.954139256,172
20210518,17.9,24.12,20.2,18.5,13.4,39,7040353,3.13888,2983,616699,55.1,16649,171720,15.3,0,0,0,0.5,-0.866025404,-0.485301963,-0.874346616,249
20210519,19.9,29.93,22.3,19.3,13.4,41,4269055,2.53346,14,616705,55,3724,175445,15.6,0,0,0,0.5,-0.866025404,-0.651372483,-0.758758123,242
20210520,18.7,6.8,17.9,19.5,13.4,27,6586125,3.09414,2205,619017,55.1,22755,198625,17.7,0,0,0,0.5,-0.866025404,-0.790775737,-0.612105983,172
20210521,16,7.35,17.4,18.6,13.5,22,6829940,3.20123,2271,621463,55.4,28449,227493,20.3,0,0,0,0.5,-0.866025404,-0.89780454,-0.440394152,208
20210522,18.6,28.69,21.8,18.6,13.5,40,4870926,2.5389,2477,623941,55.6,4099,231820,20.6,0,0,0,0.5,-0.866025404,-0.968077119,-0.250652532,181
20210523,19.5,19.28,21,19.5,13.5,52,3409885,2.3319,0,623942,55.5,0,231821,20.6,0,0,0,0.5,-0.866025404,-0.998716507,-0.050649169,139
20210524,19.4,26.9,22.8,19.9,13.5,110,6617510,3.09604,7688,631695,56.2,21524,253528,22.6,0,0,0,0.5,-0.866025404,-0.988468324,0.151427778,138
20210525,15.3,19.29,17.9,19.9,13.5,86,6664769,2.97929,7748,639483,56.9,21010,274749,24.5,0,0,0,0.5,-0.866025404,-0.937752132,0.347305253,262
20210526,18,17.95,18.8,19,13.5,44,6828550,3.51171,10780,650432,57.6,16175,291118,25.8,0,0,0,0.5,-0.866025404,-0.848644257,0.52896401,218
20210527,15.8,5.08,16.4,18.7,13.5,53,6519668,3.00159,122034,772541,35.5,13061,304336,14,0,0,0,0.5,-0.866025404,-0.724792787,0.688966919,214
20210528,15.3,11.26,17.4,17.7,13.5,42,6692422,2.70475,104641,877710,40.1,17031,321446,14.7,0,0,0,0.5,-0.866025404,-0.571268215,0.820763441,194
20210529,15.4,10.45,18.1,17.8,13.5,31,4618756,2.11569,33401,911559,41.5,3580,325079,14.8,0,0,0,0.5,-0.866025404,-0.394355855,0.918957812,160
20210530,18.4,29.45,21.9,17.8,13.5,45,3438095,2.16303,950,912517,41.6,0,325079,14.8,0,0,0,0.5,-0.866025404,-0.20129852,0.979529941,130
20210531,19.9,12.52,21.1,19.3,13.6,59,6464924,3.18032,75387,988327,44.6,8127,333469,15.1,0,0,0,0.5,-0.866025404,-2.45E-16,1,147
20210601,20.2,13.01,21.1,19.7,13.6,52,6556229,3.25057,103600,1092306,48.9,7109,340624,15.3,0,0,0,1.22E-16,-1,0.207911691,0.978147601,258
20210602,23.2,26.82,25,20.3,13.6,62,6653272,3.1357,73063,1165736,51.8,6277,346936,15.4,0,0,0,1.22E-16,-1,0.406736643,0.913545458,215
20210603,19.1,5.11,20.4,21,13.6,45,6410502,3.20099,66402,1232478,54.4,8383,355399,15.7,0,0,0,1.22E-16,-1,0.587785252,0.809016994,206
20210604,18.5,29.01,22.7,20.2,13.6,34,6955835,2.89917,76685,1309610,57.5,10339,365789,16.1,0,0,0,1.22E-16,-1,0.743144825,0.669130606,277
20210605,20.8,23.11,22.2,20.8,13.6,57,4761851,2.42932,31613,1341398,58.8,1135,366926,16.1,0,0,0,1.22E-16,-1,0.866025404,0.5,179
20210606,23,23.46,25,21.5,13.6,72,3328472,2.19499,463,1341990,58.7,0,366927,16,0,0,0,1.22E-16,-1,0.951056516,0.309016994,159
20210607,21.1,7.02,21.1,21.9,13.7,43,6453119,2.88025,158842,1500832,49.7,5412,372339,12.3,0,0,0,1.22E-16,-1,0.994521895,0.104528463,139
20210608,23.6,21.25,25.4,21.6,13.7,57,6612698,2.75605,131465,1636992,53.9,4672,377030,12.4,0,0,0,1.22E-16,-1,0.994521895,-0.104528463,183
20210609,25.8,24.78,26.5,22.6,13.7,44,6651555,3.107,104841,1746392,56.2,3076,380200,12.3,0,0,0,1.22E-16,-1,0.951056516,-0.309016994,213
20210610,24.9,14.13,25.5,23.4,13.7,59,6637931,2.87453,148732,1900981,56.9,68440,448684,13.4,0,0,0,1.22E-16,-1,0.866025404,-0.5,204
20210611,21.5,10.08,23.8,23.5,13.7,29,6617845,2.71966,165265,2070561,61.7,55544,504526,15,0,0,0,1.22E-16,-1,0.743144825,-0.669130606,208
20210612,24.2,26.92,27.3,22.8,13.8,34,4596196,1.94464,82931,2157602,64.1,28724,533379,15.9,0,0,0,1.22E-16,-1,0.587785252,-0.809016994,176
20210613,24.8,26.48,27.9,24,13.8,36,3252786,1.92835,5702,2163259,64.3,2522,535930,15.9,0,0,0,1.22E-16,-1,0.406736643,-0.913545458,122
20210614,24.8,22.29,27.8,24.4,13.8,54,6514298,2.76041,145519,2309534,68.5,52848,589320,17.5,0,0,0,1.22E-16,-1,0.207911691,-0.978147601,132
20210615,22.5,7.61,23.3,24.3,13.8,40,6478792,2.98104,122487,2437954,71.9,37687,627708,18.5,0,0,0,1.22E-16,-1,1.22E-16,-1,201
20210616,24.3,27.3,27.3,23.5,13.8,19,6754157,2.85005,112311,2554809,75.1,57409,685532,20.2,0,0,0,1.22E-16,-1,-0.207911691,-0.978147601,201
20210617,21.9,9.59,23.4,23.7,13.9,26,6687066,2.60546,78339,2637993,76.9,25631,711572,20.7,0,0,0,1.22E-16,-1,-0.406736643,-0.913545458,200
20210618,20,4.5,21.6,22.9,13.9,32,6762091,2.45127,90850,2732982,79.3,27755,739623,21.5,0,0,0,1.22E-16,-1,-0.587785252,-0.809016994,197
20210619,22.3,26.47,26.1,22.7,13.9,65,4811111,1.85763,36213,2774543,79,7884,747652,21.3,0,0,0,1.22E-16,-1,-0.743144825,-0.669130606,165
20210620,22.9,25.87,26.9,23.5,13.9,65,3401826,2.50898,66,2774797,79,65,747880,21.3,0,0,0,1.22E-16,-1,-0.866025404,-0.5,134
20210621,23.6,25.72,28.1,24.1,13.9,56,6702933,3.02817,4973,2781609,80.4,21087,770137,21.9,0,0,0,1.22E-16,-1,-0.951056516,-0.309016994,132
20210622,22.8,20.23,25.8,24.4,14,33,6782744,2.8259,6694,2792660,80.6,21120,791467,22.8,0,0,0,1.22E-16,-1,-0.994521895,-0.104528463,236
20210623,22.4,19.49,26.9,24.1,14,22,6783869,3.45784,5777,2802006,80.7,22048,813666,23.4,0,0,0,1.22E-16,-1,-0.994521895,0.104528463,252
20210624,23,17.8,25.2,23.8,14,40,6862740,3.04859,6581,2811191,82.2,22040,835878,24.5,0,0,0,1.22E-16,-1,-0.951056516,0.309016994,269
20210625,24.1,24.74,28,24,14,52,7088190,2.65829,7635,2821282,81,22720,858697,24.6,0,0,0,1.22E-16,-1,-0.866025404,0.5,263
20210626,22.8,14.24,25,24.5,14.1,32,4624513,2.10431,2216,2825885,81,6655,865395,24.8,0,0,0,1.22E-16,-1,-0.743144825,0.669130606,242
20210627,24.5,22.48,27.8,24.3,14.1,26,3460082,2.29172,0,2825862,81,0,865395,24.8,0,0,0,1.22E-16,-1,-0.587785252,0.809016994,185
20210628,23.7,13.52,25,24.4,14.1,28,6576664,2.78721,3278,2829341,81.1,21853,887508,25.4,0,0,0,1.22E-16,-1,-0.406736643,0.913545458,205
20210629,23.9,14.1,26.4,24.3,14.1,38,6759381,3.09867,3321,2833050,81,22407,914519,26.2,0,0,0,1.22E-16,-1,-0.207911691,0.978147601,375
20210630,24.3,16.22,26.3,24.3,14.1,53,6734788,7.37966,3893,2837158,81.6,22749,941358,27.1,0,0,0,1.22E-16,-1,-2.45E-16,1,334
20210701,26.3,20.59,27.4,24.8,14.2,42,6773450,5.41239,1642,2838855,83,18865,964356,28.2,0,0,0,-0.5,-0.866025404,0.20129852,0.979529941,347
20210702,27.1,22.19,27.2,25.4,14.2,27,7000099,5.74965,1588,2840470,81.7,20529,989375,28.5,0,0,0,-0.5,-0.866025404,0.394355855,0.918957812,359
20210703,22.6,7.51,23.5,25.4,14.2,16,4366650,3.92526,696,2841238,81.7,4139,997938,28.7,0,0,0,-0.5,-0.866025404,0.571268215,0.820763441,289
20210704,21.4,2.69,22.2,23.5,14.2,15,2883162,3.64454,0,2841244,83,0,998134,29.2,0,0,0,-0.5,-0.866025404,0.724792787,0.688966919,307
20210705,23.3,12.59,24.6,23.3,14.3,29,6677610,5.10898,13454,2854873,81.6,9389,1008177,28.8,0,0,0,-0.5,-0.866025404,0.848644257,0.52896401,320
20210706,25.3,19.15,26.8,24.1,14.3,50,6769075,14.3784,7703,2862693,80.6,12346,1025199,28.9,0,0,0,-0.5,-0.866025404,0.937752132,0.347305253,583
20210707,26.4,11.81,26.6,25,14.3,57,6554726,26.94092,6871,2869885,80.9,11909,1041173,29.4,0,0,0,-0.5,-0.866025404,0.988468324,0.151427778,550
20210708,26,14.1,27,25.4,14.4,33,6341201,25.90729,7439,2877851,81.2,13483,1058784,29.9,0,0,0,-0.5,-0.866025404,0.998716507,-0.050649169,503
20210709,25.5,14.49,27,25.7,14.4,21,6410682,26.09994,14064,2892191,81.7,20660,1083665,30.6,0,0,0,-0.5,-0.866025404,0.968077119,-0.250652532,509
20210710,25.9,17.4,26.9,25.8,14.4,37,3821216,12.83698,3864,2896137,81.9,8264,1096559,31,0,0,0,-0.5,-0.866025404,0.89780454,-0.440394152,509
20210711,25.7,7.53,26.3,26,14.5,43,2622582,10.50365,66,2896204,82.1,222,1096845,31.1,0,0,0,-0.5,-0.866025404,0.790775737,-0.612105983,403
20210712,28.1,19.1,29,26,14.5,32,5714356,14.33448,6195,2902429,82.6,13308,1110216,31.6,0,0,0,-0.5,-0.866025404,0.651372483,-0.758758123,417
20210713,28.8,11.59,28.5,26.9,14.5,41,5721486,13.16586,20140,2922594,78.4,16581,1130848,30.3,0,0,0,-0.5,-0.866025404,0.485301963,-0.874346616,638
20210714,29.7,22.48,30.6,27.2,14.6,27,5665982,18.79481,23553,2946540,75.3,18514,1152859,29.5,0,0,0,-0.5,-0.866025404,0.299363123,-0.954139256,520
20210715,29.1,22.77,31.8,27.9,14.6,24,5571497,14.68012,25026,2972281,75.2,20650,1176298,29.8,0,0,0,-0.5,-0.866025404,0.101168322,-0.994869323,570
20210716,28.8,26.76,32.5,28.2,14.6,21,5711057,12.14969,26086,2998367,75.8,27192,1203490,30.4,0,0,0,-0.5,-0.866025404,-0.101168322,-0.994869323,562
20210717,29.1,22.58,32.4,28.4,14.7,19,3481512,8.71162,8953,3000991,76.1,7397,1216426,30.8,0,0,0,-0.5,-0.866025404,-0.299363123,-0.954139256,523
20210718,29.6,23.37,33.1,28.5,14.7,22,2460245,9.06861,118,3008122,75.2,151,1216767,29.8,0,0,0,-0.5,-0.866025404,-0.485301963,-0.874346616,419
20210719,26.4,10.07,28,27.7,14.7,22,5589555,12.12727,31651,3039867,77.2,9668,1226600,31.1,0,0,0,-0.5,-0.866025404,-0.651372483,-0.758758123,394
20210720,27.9,14.62,28.9,27,14.8,24,5708944,12.53473,31212,3071180,78,8800,1237904,31.4,0,0,0,-0.5,-0.866025404,-0.790775737,-0.612105983,604
20210721,30.5,24.1,30.5,27.5,14.8,26,5593169,16.54911,31192,3102494,78.7,6008,1245273,31.6,0,0,0,-0.5,-0.866025404,-0.89780454,-0.440394152,499
20210722,31.2,27.69,31.4,28.3,14.8,29,5570975,13.77799,31573,3134191,77.5,8022,1254560,31,0,0,0,-0.5,-0.866025404,-0.968077119,-0.250652532,520
20210723,31.2,26.91,32.2,29,14.9,37,5724152,11.63876,27951,3162205,77.8,10128,1266249,31.1,0,0,0,-0.5,-0.866025404,-0.998716507,-0.050649169,465
20210724,31.7,27.78,32.6,29.4,14.9,37,3472751,7.76459,6610,3168820,77.9,2639,1268896,31.2,0,0,0,-0.5,-0.866025404,-0.988468324,0.151427778,489
20210725,31.5,27.63,34.2,29.7,14.9,28,2418721,7.71963,85,3168908,77.9,19,1268914,31.2,0,0,0,-0.5,-0.866025404,-0.937752132,0.347305253,341
20210726,31.2,29.3,35.3,29.9,15,29,5572945,9.28338,125490,3297521,81.2,14681,1283718,31.6,0,0,0,-0.5,-0.866025404,-0.848644257,0.52896401,351
20210727,31.1,17.22,33.3,29.9,15,29,5568700,8.38064,74786,3372307,81.2,9381,1293099,31.1,0,0,0,-0.5,-0.866025404,-0.724792787,0.688966919,573
20210728,30.4,16.37,33.5,29.6,15,38,5568060,10.33821,84052,3458804,83.6,8120,1302735,31.5,0,0,0,-0.5,-0.866025404,-0.571268215,0.820763441,515
20210729,29.6,14.86,31.3,29.3,15.1,46,5509410,8.7284,60488,3519568,84.5,7742,1310875,31.5,0,0,0,-0.5,-0.866025404,-0.394355855,0.918957812,488
20210730,30.5,21.86,33.5,29.2,15.1,30,5622363,7.58533,80425,3600688,86.4,13659,1325451,31.8,0,0,0,-0.5,-0.866025404,-0.20129852,0.979529941,476
20210731,29.8,21.19,31.6,29.5,15.2,25,3417145,5.59367,39795,3640808,87.3,4188,1329899,31.9,0,0,0,-0.5,-0.866025404,-2.45E-16,1,473
20210801,27.1,6.56,28.3,29.1,15.2,40,2395940,5.41883,5674,3646552,95.7,68,1329967,34.9,0,0,0,-0.866025404,-0.5,0.20129852,0.979529941,365
20210802,26.5,8.42,27.8,28.2,15.2,20,5284339,6.8729,77877,3724642,86.4,7123,1337105,31,0,0,0,-0.866025404,-0.5,0.394355855,0.918957812,311
20210803,28,13.25,29,27.9,15.3,27,5373750,7.18788,35750,3760901,87.3,20557,1357865,31.5,0,0,0,-0.866025404,-0.5,0.571268215,0.820763441,486